candidate_id,recommended_semantic,action,object,area_capability,value_type,allowed_or_range,official_primary_source_path,official_primary_type,official_primary_datatype,official_primary_unit,official_primary_description,official_auxiliary_source,source_group_key,raw_actuator_nodes,android_auxiliary_candidates,current_coverage_status,current_intent_ids,user_controllable,suspected_duplicate,recommend_add_to_understandable_space,complete_safety_contract
VCC-001,ENABLE ABS 启用,ENABLE,ABS,按官方路径区域归并,布尔,,Vehicle.ADAS.ABS.IsEnabled,actuator,boolean,,Indicates if ABS is enabled. True = Enabled. False = Disabled.,Android VHAL Android 16 VehicleProperty.aidl (按功能名交叉核验),Vehicle.ADAS.ABS.IsEnabled,1,,疑似重复,ESC_ENABLE; CRUISE_ENABLE,是,是,是,否/待审
VCC-002,DISABLE ABS 停用,DISABLE,ABS,按官方路径区域归并,布尔,,Vehicle.ADAS.ABS.IsEnabled,actuator,boolean,,Indicates if ABS is enabled. True = Enabled. False = Disabled.,Android VHAL Android 16 VehicleProperty.aidl (按功能名交叉核验),Vehicle.ADAS.ABS.IsEnabled,1,,疑似重复,ESC_DISABLE; CRUISE_DISABLE,是,是,是,否/待审
VCC-003,SET CRUISE AdaptiveDistanceSet,SET,CRUISE,按官方路径区域归并,连续数值,0.0,Vehicle.ADAS.CruiseControl.AdaptiveDistanceSet,actuator,float,m,Distance in meters to keep from lead vehicle,Android VHAL Android 16 VehicleProperty.aidl (按功能名交叉核验),Vehicle.ADAS.CruiseControl.AdaptiveDistanceSet,1,CRUISE_CONTROL_ENABLED; CRUISE_CONTROL_TYPE; CRUISE_CONTROL_STATE; CRUISE_CONTROL_COMMAND; CRUISE_CONTROL_TARGET_SPEED; ADAPTIVE_CRUISE_CONTROL_TARGET_TIME_GAP; ADAPTIVE_CRUISE_CONTROL_LEAD_VEHICLE_MEASURED_DISTANCE,疑似重复,CRUISE_SET_SPEED; CRUISE_SET_GAP,是,是,是,否/待审
VCC-004,SET CRUISE AdaptiveIntervalSet,SET,CRUISE,按官方路径区域归并,连续数值,,Vehicle.ADAS.CruiseControl.AdaptiveIntervalSet,actuator,uint8,,"Follow distance setting, commonly 1-5 with 1 being closest.",Android VHAL Android 16 VehicleProperty.aidl (按功能名交叉核验),Vehicle.ADAS.CruiseControl.AdaptiveIntervalSet,1,CRUISE_CONTROL_ENABLED; CRUISE_CONTROL_TYPE; CRUISE_CONTROL_STATE; CRUISE_CONTROL_COMMAND; CRUISE_CONTROL_TARGET_SPEED; ADAPTIVE_CRUISE_CONTROL_TARGET_TIME_GAP; ADAPTIVE_CRUISE_CONTROL_LEAD_VEHICLE_MEASURED_DISTANCE,疑似重复,CRUISE_SET_SPEED; CRUISE_SET_GAP,是,是,是,否/待审
VCC-005,TURN_ON CRUISE 开启,TURN_ON,CRUISE,按官方路径区域归并,布尔,,Vehicle.ADAS.CruiseControl.IsActive,actuator,boolean,,Indicates if cruise control system is active (i.e. actively controls speed). True = Active. False = Inactive.,Android VHAL Android 16 VehicleProperty.aidl (按功能名交叉核验),Vehicle.ADAS.CruiseControl.IsActive,1,CRUISE_CONTROL_ENABLED; CRUISE_CONTROL_TYPE; CRUISE_CONTROL_STATE; CRUISE_CONTROL_COMMAND; CRUISE_CONTROL_TARGET_SPEED; ADAPTIVE_CRUISE_CONTROL_TARGET_TIME_GAP; ADAPTIVE_CRUISE_CONTROL_LEAD_VEHICLE_MEASURED_DISTANCE,缺失候选,,否,否,是,否/待审
VCC-006,TURN_OFF CRUISE 关闭,TURN_OFF,CRUISE,按官方路径区域归并,布尔,,Vehicle.ADAS.CruiseControl.IsActive,actuator,boolean,,Indicates if cruise control system is active (i.e. actively controls speed). True = Active. False = Inactive.,Android VHAL Android 16 VehicleProperty.aidl (按功能名交叉核验),Vehicle.ADAS.CruiseControl.IsActive,1,CRUISE_CONTROL_ENABLED; CRUISE_CONTROL_TYPE; CRUISE_CONTROL_STATE; CRUISE_CONTROL_COMMAND; CRUISE_CONTROL_TARGET_SPEED; ADAPTIVE_CRUISE_CONTROL_TARGET_TIME_GAP; ADAPTIVE_CRUISE_CONTROL_LEAD_VEHICLE_MEASURED_DISTANCE,缺失候选,,否,否,是,否/待审
VCC-007,ENABLE CRUISE 启用,ENABLE,CRUISE,按官方路径区域归并,布尔,,Vehicle.ADAS.CruiseControl.IsEnabled,actuator,boolean,,Indicates if cruise control system is enabled (e.g. ready to receive configurations and settings) True = Enabled. False = Disabled.,Android VHAL Android 16 VehicleProperty.aidl (按功能名交叉核验),Vehicle.ADAS.CruiseControl.IsEnabled,1,CRUISE_CONTROL_ENABLED; CRUISE_CONTROL_TYPE; CRUISE_CONTROL_STATE; CRUISE_CONTROL_COMMAND; CRUISE_CONTROL_TARGET_SPEED; ADAPTIVE_CRUISE_CONTROL_TARGET_TIME_GAP; ADAPTIVE_CRUISE_CONTROL_LEAD_VEHICLE_MEASURED_DISTANCE,疑似重复,ESC_ENABLE; CRUISE_ENABLE,是,是,是,否/待审
VCC-008,DISABLE CRUISE 停用,DISABLE,CRUISE,按官方路径区域归并,布尔,,Vehicle.ADAS.CruiseControl.IsEnabled,actuator,boolean,,Indicates if cruise control system is enabled (e.g. ready to receive configurations and settings) True = Enabled. False = Disabled.,Android VHAL Android 16 VehicleProperty.aidl (按功能名交叉核验),Vehicle.ADAS.CruiseControl.IsEnabled,1,CRUISE_CONTROL_ENABLED; CRUISE_CONTROL_TYPE; CRUISE_CONTROL_STATE; CRUISE_CONTROL_COMMAND; CRUISE_CONTROL_TARGET_SPEED; ADAPTIVE_CRUISE_CONTROL_TARGET_TIME_GAP; ADAPTIVE_CRUISE_CONTROL_LEAD_VEHICLE_MEASURED_DISTANCE,疑似重复,ESC_DISABLE; CRUISE_DISABLE,是,是,是,否/待审
VCC-009,SET CRUISE SpeedSet,SET,CRUISE,按官方路径区域归并,连续数值,,Vehicle.ADAS.CruiseControl.SpeedSet,actuator,float,km/h,Set cruise control speed in kilometers per hour.,Android VHAL Android 16 VehicleProperty.aidl (按功能名交叉核验),Vehicle.ADAS.CruiseControl.SpeedSet,1,CRUISE_CONTROL_ENABLED; CRUISE_CONTROL_TYPE; CRUISE_CONTROL_STATE; CRUISE_CONTROL_COMMAND; CRUISE_CONTROL_TARGET_SPEED; ADAPTIVE_CRUISE_CONTROL_TARGET_TIME_GAP; ADAPTIVE_CRUISE_CONTROL_LEAD_VEHICLE_MEASURED_DISTANCE,疑似重复,CRUISE_SET_SPEED; CRUISE_SET_GAP,是,是,是,否/待审
VCC-010,ENABLE EBA 启用,ENABLE,EBA,按官方路径区域归并,布尔,,Vehicle.ADAS.EBA.IsEnabled,actuator,boolean,,Indicates if EBA is enabled. True = Enabled. False = Disabled.,Android VHAL Android 16 VehicleProperty.aidl (按功能名交叉核验),Vehicle.ADAS.EBA.IsEnabled,1,,疑似重复,ESC_ENABLE; CRUISE_ENABLE,是,是,是,否/待审
VCC-011,DISABLE EBA 停用,DISABLE,EBA,按官方路径区域归并,布尔,,Vehicle.ADAS.EBA.IsEnabled,actuator,boolean,,Indicates if EBA is enabled. True = Enabled. False = Disabled.,Android VHAL Android 16 VehicleProperty.aidl (按功能名交叉核验),Vehicle.ADAS.EBA.IsEnabled,1,,疑似重复,ESC_DISABLE; CRUISE_DISABLE,是,是,是,否/待审
VCC-012,ENABLE ESC 启用,ENABLE,ESC,按官方路径区域归并,布尔,,Vehicle.ADAS.ESC.IsEnabled,actuator,boolean,,Indicates if ESC is enabled. True = Enabled. False = Disabled.,Android VHAL Android 16 VehicleProperty.aidl (按功能名交叉核验),Vehicle.ADAS.ESC.IsEnabled,1,,疑似重复,ESC_ENABLE; CRUISE_ENABLE,是,是,是,否/待审
VCC-013,DISABLE ESC 停用,DISABLE,ESC,按官方路径区域归并,布尔,,Vehicle.ADAS.ESC.IsEnabled,actuator,boolean,,Indicates if ESC is enabled. True = Enabled. False = Disabled.,Android VHAL Android 16 VehicleProperty.aidl (按功能名交叉核验),Vehicle.ADAS.ESC.IsEnabled,1,,疑似重复,ESC_DISABLE; CRUISE_DISABLE,是,是,是,否/待审
VCC-014,OPEN HOOD 开,OPEN,HOOD,按官方路径区域归并,布尔,,Vehicle.Body.Hood.IsOpen,actuator,boolean,,Is item open or closed? True = Fully or partially open. False = Fully closed.,Android VHAL Android 16 VehicleProperty.aidl (按功能名交叉核验),Vehicle.Body.Hood.IsOpen,1,,疑似重复,TRUNK_OPEN; HOOD_OPEN,是,是,是,否/待审
VCC-015,CLOSE HOOD 关,CLOSE,HOOD,按官方路径区域归并,布尔,,Vehicle.Body.Hood.IsOpen,actuator,boolean,,Is item open or closed? True = Fully or partially open. False = Fully closed.,Android VHAL Android 16 VehicleProperty.aidl (按功能名交叉核验),Vehicle.Body.Hood.IsOpen,1,,疑似重复,TRUNK_CLOSE; HOOD_CLOSE,是,是,是,否/待审
VCC-016,SET HOOD Position,SET,HOOD,按官方路径区域归并,连续数值,0..100,Vehicle.Body.Hood.Position,actuator,uint8,percent,Item position. 0 = Start position 100 = End position.,Android VHAL Android 16 VehicleProperty.aidl (按功能名交叉核验),Vehicle.Body.Hood.Position,1,,缺失候选,,否,否,是,否/待审
VCC-017,SWITCH_MODE HOOD Switch,SWITCH_MODE,HOOD,按官方路径区域归并,枚举,CLOSE; INACTIVE; ONE_SHOT_CLOSE; ONE_SHOT_OPEN; OPEN,Vehicle.Body.Hood.Switch,actuator,string,,"Switch controlling sliding action such as window, sunroof, or blind.",Android VHAL Android 16 VehicleProperty.aidl (按功能名交叉核验),Vehicle.Body.Hood.Switch,1,,疑似重复,HEADLIGHT_SET_MODE; WIPER_SET_MODE,是,是,是,否/待审
VCC-018,TURN_ON HORN 开启,TURN_ON,HORN,按官方路径区域归并,布尔,,Vehicle.Body.Horn.IsActive,actuator,boolean,,Horn active or inactive. True = Active. False = Inactive.,Android VHAL Android 16 VehicleProperty.aidl (按功能名交叉核验),Vehicle.Body.Horn.IsActive,1,VEHICLE_HORN_ENGAGED,疑似重复,MIRROR_HEATING_ON; WINDSHIELD_HEATING_ON; HAZARD_LIGHT_ON; TURN_INDICATOR_ON; LOW_BEAM_ON; HIGH_BEAM_ON; FOG_LIGHT_ON; PARKING_LIGHT_ON,是,是,是,否/待审
VCC-019,TURN_OFF HORN 关闭,TURN_OFF,HORN,按官方路径区域归并,布尔,,Vehicle.Body.Horn.IsActive,actuator,boolean,,Horn active or inactive. True = Active. False = Inactive.,Android VHAL Android 16 VehicleProperty.aidl (按功能名交叉核验),Vehicle.Body.Horn.IsActive,1,VEHICLE_HORN_ENGAGED,疑似重复,MIRROR_HEATING_OFF; WINDSHIELD_HEATING_OFF; HAZARD_LIGHT_OFF; TURN_INDICATOR_OFF; LOW_BEAM_OFF; HIGH_BEAM_OFF; FOG_LIGHT_OFF; PARKING_LIGHT_OFF,是,是,是,否/待审
VCC-020,TURN_ON LIGHT 开启,TURN_ON,LIGHT,按官方路径区域归并,布尔,,Vehicle.Body.Lights.Backup.IsOn,actuator,boolean,,Indicates if light is on or off. True = On. False = Off.,Android VHAL Android 16 VehicleProperty.aidl (按功能名交叉核验),Vehicle.Body.Lights.Backup.IsOn,1,TURN_SIGNAL_LIGHT_STATE; SEAT_FOOTWELL_LIGHTS_STATE; SEAT_FOOTWELL_LIGHTS_SWITCH; HEADLIGHTS_STATE; HIGH_BEAM_LIGHTS_STATE; FOG_LIGHTS_STATE; HAZARD_LIGHTS_STATE; HEADLIGHTS_SWITCH; HIGH_BEAM_LIGHTS_SWITCH; FOG_LIGHTS_SWITCH; HAZARD_LIGHTS_SWITCH; CABIN_LIGHTS_STATE; CABIN_LIGHTS_SWITCH; READING_LIGHTS_STATE; READING_LIGHTS_SWITCH; STEERING_WHEEL_LIGHTS_STATE; STEERING_WHEEL_LIGHTS_SWITCH; FRONT_FOG_LIGHTS_STATE; FRONT_FOG_LIGHTS_SWITCH; REAR_FOG_LIGHTS_STATE; REAR_FOG_LIGHTS_SWITCH,疑似重复,MIRROR_HEATING_ON; WINDSHIELD_HEATING_ON; HAZARD_LIGHT_ON; TURN_INDICATOR_ON; LOW_BEAM_ON; HIGH_BEAM_ON; FOG_LIGHT_ON; PARKING_LIGHT_ON,是,是,是,否/待审
VCC-021,TURN_OFF LIGHT 关闭,TURN_OFF,LIGHT,按官方路径区域归并,布尔,,Vehicle.Body.Lights.Backup.IsOn,actuator,boolean,,Indicates if light is on or off. True = On. False = Off.,Android VHAL Android 16 VehicleProperty.aidl (按功能名交叉核验),Vehicle.Body.Lights.Backup.IsOn,1,TURN_SIGNAL_LIGHT_STATE; SEAT_FOOTWELL_LIGHTS_STATE; SEAT_FOOTWELL_LIGHTS_SWITCH; HEADLIGHTS_STATE; HIGH_BEAM_LIGHTS_STATE; FOG_LIGHTS_STATE; HAZARD_LIGHTS_STATE; HEADLIGHTS_SWITCH; HIGH_BEAM_LIGHTS_SWITCH; FOG_LIGHTS_SWITCH; HAZARD_LIGHTS_SWITCH; CABIN_LIGHTS_STATE; CABIN_LIGHTS_SWITCH; READING_LIGHTS_STATE; READING_LIGHTS_SWITCH; STEERING_WHEEL_LIGHTS_STATE; STEERING_WHEEL_LIGHTS_SWITCH; FRONT_FOG_LIGHTS_STATE; FRONT_FOG_LIGHTS_SWITCH; REAR_FOG_LIGHTS_STATE; REAR_FOG_LIGHTS_SWITCH,疑似重复,MIRROR_HEATING_OFF; WINDSHIELD_HEATING_OFF; HAZARD_LIGHT_OFF; TURN_INDICATOR_OFF; LOW_BEAM_OFF; HIGH_BEAM_OFF; FOG_LIGHT_OFF; PARKING_LIGHT_OFF,是,是,是,否/待审
VCC-022,TURN_ON LIGHT 开启,TURN_ON,LIGHT,按官方路径区域归并,布尔,,Vehicle.Body.Lights.Beam.High.IsOn,actuator,boolean,,Indicates if light is on or off. True = On. False = Off.,Android VHAL Android 16 VehicleProperty.aidl (按功能名交叉核验),Vehicle.Body.Lights.Beam.High.IsOn,1,TURN_SIGNAL_LIGHT_STATE; SEAT_FOOTWELL_LIGHTS_STATE; SEAT_FOOTWELL_LIGHTS_SWITCH; HEADLIGHTS_STATE; HIGH_BEAM_LIGHTS_STATE; FOG_LIGHTS_STATE; HAZARD_LIGHTS_STATE; HEADLIGHTS_SWITCH; HIGH_BEAM_LIGHTS_SWITCH; FOG_LIGHTS_SWITCH; HAZARD_LIGHTS_SWITCH; CABIN_LIGHTS_STATE; CABIN_LIGHTS_SWITCH; READING_LIGHTS_STATE; READING_LIGHTS_SWITCH; STEERING_WHEEL_LIGHTS_STATE; STEERING_WHEEL_LIGHTS_SWITCH; FRONT_FOG_LIGHTS_STATE; FRONT_FOG_LIGHTS_SWITCH; REAR_FOG_LIGHTS_STATE; REAR_FOG_LIGHTS_SWITCH,疑似重复,MIRROR_HEATING_ON; WINDSHIELD_HEATING_ON; HAZARD_LIGHT_ON; TURN_INDICATOR_ON; LOW_BEAM_ON; HIGH_BEAM_ON; FOG_LIGHT_ON; PARKING_LIGHT_ON,是,是,是,否/待审
VCC-023,TURN_OFF LIGHT 关闭,TURN_OFF,LIGHT,按官方路径区域归并,布尔,,Vehicle.Body.Lights.Beam.High.IsOn,actuator,boolean,,Indicates if light is on or off. True = On. False = Off.,Android VHAL Android 16 VehicleProperty.aidl (按功能名交叉核验),Vehicle.Body.Lights.Beam.High.IsOn,1,TURN_SIGNAL_LIGHT_STATE; SEAT_FOOTWELL_LIGHTS_STATE; SEAT_FOOTWELL_LIGHTS_SWITCH; HEADLIGHTS_STATE; HIGH_BEAM_LIGHTS_STATE; FOG_LIGHTS_STATE; HAZARD_LIGHTS_STATE; HEADLIGHTS_SWITCH; HIGH_BEAM_LIGHTS_SWITCH; FOG_LIGHTS_SWITCH; HAZARD_LIGHTS_SWITCH; CABIN_LIGHTS_STATE; CABIN_LIGHTS_SWITCH; READING_LIGHTS_STATE; READING_LIGHTS_SWITCH; STEERING_WHEEL_LIGHTS_STATE; STEERING_WHEEL_LIGHTS_SWITCH; FRONT_FOG_LIGHTS_STATE; FRONT_FOG_LIGHTS_SWITCH; REAR_FOG_LIGHTS_STATE; REAR_FOG_LIGHTS_SWITCH,疑似重复,MIRROR_HEATING_OFF; WINDSHIELD_HEATING_OFF; HAZARD_LIGHT_OFF; TURN_INDICATOR_OFF; LOW_BEAM_OFF; HIGH_BEAM_OFF; FOG_LIGHT_OFF; PARKING_LIGHT_OFF,是,是,是,否/待审
VCC-024,TURN_ON LIGHT 开启,TURN_ON,LIGHT,按官方路径区域归并,布尔,,Vehicle.Body.Lights.Beam.Low.IsOn,actuator,boolean,,Indicates if light is on or off. True = On. False = Off.,Android VHAL Android 16 VehicleProperty.aidl (按功能名交叉核验),Vehicle.Body.Lights.Beam.Low.IsOn,1,TURN_SIGNAL_LIGHT_STATE; SEAT_FOOTWELL_LIGHTS_STATE; SEAT_FOOTWELL_LIGHTS_SWITCH; HEADLIGHTS_STATE; HIGH_BEAM_LIGHTS_STATE; FOG_LIGHTS_STATE; HAZARD_LIGHTS_STATE; HEADLIGHTS_SWITCH; HIGH_BEAM_LIGHTS_SWITCH; FOG_LIGHTS_SWITCH; HAZARD_LIGHTS_SWITCH; CABIN_LIGHTS_STATE; CABIN_LIGHTS_SWITCH; READING_LIGHTS_STATE; READING_LIGHTS_SWITCH; STEERING_WHEEL_LIGHTS_STATE; STEERING_WHEEL_LIGHTS_SWITCH; FRONT_FOG_LIGHTS_STATE; FRONT_FOG_LIGHTS_SWITCH; REAR_FOG_LIGHTS_STATE; REAR_FOG_LIGHTS_SWITCH,疑似重复,MIRROR_HEATING_ON; WINDSHIELD_HEATING_ON; HAZARD_LIGHT_ON; TURN_INDICATOR_ON; LOW_BEAM_ON; HIGH_BEAM_ON; FOG_LIGHT_ON; PARKING_LIGHT_ON,是,是,是,否/待审
VCC-025,TURN_OFF LIGHT 关闭,TURN_OFF,LIGHT,按官方路径区域归并,布尔,,Vehicle.Body.Lights.Beam.Low.IsOn,actuator,boolean,,Indicates if light is on or off. True = On. False = Off.,Android VHAL Android 16 VehicleProperty.aidl (按功能名交叉核验),Vehicle.Body.Lights.Beam.Low.IsOn,1,TURN_SIGNAL_LIGHT_STATE; SEAT_FOOTWELL_LIGHTS_STATE; SEAT_FOOTWELL_LIGHTS_SWITCH; HEADLIGHTS_STATE; HIGH_BEAM_LIGHTS_STATE; FOG_LIGHTS_STATE; HAZARD_LIGHTS_STATE; HEADLIGHTS_SWITCH; HIGH_BEAM_LIGHTS_SWITCH; FOG_LIGHTS_SWITCH; HAZARD_LIGHTS_SWITCH; CABIN_LIGHTS_STATE; CABIN_LIGHTS_SWITCH; READING_LIGHTS_STATE; READING_LIGHTS_SWITCH; STEERING_WHEEL_LIGHTS_STATE; STEERING_WHEEL_LIGHTS_SWITCH; FRONT_FOG_LIGHTS_STATE; FRONT_FOG_LIGHTS_SWITCH; REAR_FOG_LIGHTS_STATE; REAR_FOG_LIGHTS_SWITCH,疑似重复,MIRROR_HEATING_OFF; WINDSHIELD_HEATING_OFF; HAZARD_LIGHT_OFF; TURN_INDICATOR_OFF; LOW_BEAM_OFF; HIGH_BEAM_OFF; FOG_LIGHT_OFF; PARKING_LIGHT_OFF,是,是,是,否/待审
VCC-026,TURN_ON LIGHT 开启,TURN_ON,LIGHT,按官方路径区域归并,布尔,ACTIVE; ADAPTIVE; INACTIVE,Vehicle.Body.Lights.Brake.IsActive,actuator,string,,Indicates if break-light is active. INACTIVE means lights are off. ACTIVE means lights are on. ADAPTIVE means that break-light is indicating emergency-breaking.,Android VHAL Android 16 VehicleProperty.aidl (按功能名交叉核验),Vehicle.Body.Lights.Brake.IsActive,1,TURN_SIGNAL_LIGHT_STATE; SEAT_FOOTWELL_LIGHTS_STATE; SEAT_FOOTWELL_LIGHTS_SWITCH; HEADLIGHTS_STATE; HIGH_BEAM_LIGHTS_STATE; FOG_LIGHTS_STATE; HAZARD_LIGHTS_STATE; HEADLIGHTS_SWITCH; HIGH_BEAM_LIGHTS_SWITCH; FOG_LIGHTS_SWITCH; HAZARD_LIGHTS_SWITCH; CABIN_LIGHTS_STATE; CABIN_LIGHTS_SWITCH; READING_LIGHTS_STATE; READING_LIGHTS_SWITCH; STEERING_WHEEL_LIGHTS_STATE; STEERING_WHEEL_LIGHTS_SWITCH; FRONT_FOG_LIGHTS_STATE; FRONT_FOG_LIGHTS_SWITCH; REAR_FOG_LIGHTS_STATE; REAR_FOG_LIGHTS_SWITCH,疑似重复,MIRROR_HEATING_ON; WINDSHIELD_HEATING_ON; HAZARD_LIGHT_ON; TURN_INDICATOR_ON; LOW_BEAM_ON; HIGH_BEAM_ON; FOG_LIGHT_ON; PARKING_LIGHT_ON,是,是,是,否/待审
VCC-027,TURN_OFF LIGHT 关闭,TURN_OFF,LIGHT,按官方路径区域归并,布尔,ACTIVE; ADAPTIVE; INACTIVE,Vehicle.Body.Lights.Brake.IsActive,actuator,string,,Indicates if break-light is active. INACTIVE means lights are off. ACTIVE means lights are on. ADAPTIVE means that break-light is indicating emergency-breaking.,Android VHAL Android 16 VehicleProperty.aidl (按功能名交叉核验),Vehicle.Body.Lights.Brake.IsActive,1,TURN_SIGNAL_LIGHT_STATE; SEAT_FOOTWELL_LIGHTS_STATE; SEAT_FOOTWELL_LIGHTS_SWITCH; HEADLIGHTS_STATE; HIGH_BEAM_LIGHTS_STATE; FOG_LIGHTS_STATE; HAZARD_LIGHTS_STATE; HEADLIGHTS_SWITCH; HIGH_BEAM_LIGHTS_SWITCH; FOG_LIGHTS_SWITCH; HAZARD_LIGHTS_SWITCH; CABIN_LIGHTS_STATE; CABIN_LIGHTS_SWITCH; READING_LIGHTS_STATE; READING_LIGHTS_SWITCH; STEERING_WHEEL_LIGHTS_STATE; STEERING_WHEEL_LIGHTS_SWITCH; FRONT_FOG_LIGHTS_STATE; FRONT_FOG_LIGHTS_SWITCH; REAR_FOG_LIGHTS_STATE; REAR_FOG_LIGHTS_SWITCH,疑似重复,MIRROR_HEATING_OFF; WINDSHIELD_HEATING_OFF; HAZARD_LIGHT_OFF; TURN_INDICATOR_OFF; LOW_BEAM_OFF; HIGH_BEAM_OFF; FOG_LIGHT_OFF; PARKING_LIGHT_OFF,是,是,是,否/待审
VCC-028,TURN_ON LIGHT 开启,TURN_ON,LIGHT,按官方路径区域归并,布尔,,Vehicle.Body.Lights.DirectionIndicator.Left.IsSignaling; Vehicle.Body.Lights.DirectionIndicator.Right.IsSignaling,actuator,boolean,,Indicates if light is signaling or off. True = signaling. False = Off.,Android VHAL Android 16 VehicleProperty.aidl (按功能名交叉核验),Vehicle.Body.Lights.DirectionIndicator.IsSignaling,2,TURN_SIGNAL_LIGHT_STATE; SEAT_FOOTWELL_LIGHTS_STATE; SEAT_FOOTWELL_LIGHTS_SWITCH; HEADLIGHTS_STATE; HIGH_BEAM_LIGHTS_STATE; FOG_LIGHTS_STATE; HAZARD_LIGHTS_STATE; HEADLIGHTS_SWITCH; HIGH_BEAM_LIGHTS_SWITCH; FOG_LIGHTS_SWITCH; HAZARD_LIGHTS_SWITCH; CABIN_LIGHTS_STATE; CABIN_LIGHTS_SWITCH; READING_LIGHTS_STATE; READING_LIGHTS_SWITCH; STEERING_WHEEL_LIGHTS_STATE; STEERING_WHEEL_LIGHTS_SWITCH; FRONT_FOG_LIGHTS_STATE; FRONT_FOG_LIGHTS_SWITCH; REAR_FOG_LIGHTS_STATE; REAR_FOG_LIGHTS_SWITCH,疑似重复,MIRROR_HEATING_ON; WINDSHIELD_HEATING_ON; HAZARD_LIGHT_ON; TURN_INDICATOR_ON; LOW_BEAM_ON; HIGH_BEAM_ON; FOG_LIGHT_ON; PARKING_LIGHT_ON,是,是,是,否/待审
VCC-029,TURN_OFF LIGHT 关闭,TURN_OFF,LIGHT,按官方路径区域归并,布尔,,Vehicle.Body.Lights.DirectionIndicator.Left.IsSignaling; Vehicle.Body.Lights.DirectionIndicator.Right.IsSignaling,actuator,boolean,,Indicates if light is signaling or off. True = signaling. False = Off.,Android VHAL Android 16 VehicleProperty.aidl (按功能名交叉核验),Vehicle.Body.Lights.DirectionIndicator.IsSignaling,2,TURN_SIGNAL_LIGHT_STATE; SEAT_FOOTWELL_LIGHTS_STATE; SEAT_FOOTWELL_LIGHTS_SWITCH; HEADLIGHTS_STATE; HIGH_BEAM_LIGHTS_STATE; FOG_LIGHTS_STATE; HAZARD_LIGHTS_STATE; HEADLIGHTS_SWITCH; HIGH_BEAM_LIGHTS_SWITCH; FOG_LIGHTS_SWITCH; HAZARD_LIGHTS_SWITCH; CABIN_LIGHTS_STATE; CABIN_LIGHTS_SWITCH; READING_LIGHTS_STATE; READING_LIGHTS_SWITCH; STEERING_WHEEL_LIGHTS_STATE; STEERING_WHEEL_LIGHTS_SWITCH; FRONT_FOG_LIGHTS_STATE; FRONT_FOG_LIGHTS_SWITCH; REAR_FOG_LIGHTS_STATE; REAR_FOG_LIGHTS_SWITCH,疑似重复,MIRROR_HEATING_OFF; WINDSHIELD_HEATING_OFF; HAZARD_LIGHT_OFF; TURN_INDICATOR_OFF; LOW_BEAM_OFF; HIGH_BEAM_OFF; FOG_LIGHT_OFF; PARKING_LIGHT_OFF,是,是,是,否/待审
VCC-030,TURN_ON LIGHT 开启,TURN_ON,LIGHT,按官方路径区域归并,布尔,,Vehicle.Body.Lights.Fog.Rear.IsOn; Vehicle.Body.Lights.Fog.Front.IsOn,actuator,boolean,,Indicates if light is on or off. True = On. False = Off.,Android VHAL Android 16 VehicleProperty.aidl (按功能名交叉核验),Vehicle.Body.Lights.Fog.IsOn,2,TURN_SIGNAL_LIGHT_STATE; SEAT_FOOTWELL_LIGHTS_STATE; SEAT_FOOTWELL_LIGHTS_SWITCH; HEADLIGHTS_STATE; HIGH_BEAM_LIGHTS_STATE; FOG_LIGHTS_STATE; HAZARD_LIGHTS_STATE; HEADLIGHTS_SWITCH; HIGH_BEAM_LIGHTS_SWITCH; FOG_LIGHTS_SWITCH; HAZARD_LIGHTS_SWITCH; CABIN_LIGHTS_STATE; CABIN_LIGHTS_SWITCH; READING_LIGHTS_STATE; READING_LIGHTS_SWITCH; STEERING_WHEEL_LIGHTS_STATE; STEERING_WHEEL_LIGHTS_SWITCH; FRONT_FOG_LIGHTS_STATE; FRONT_FOG_LIGHTS_SWITCH; REAR_FOG_LIGHTS_STATE; REAR_FOG_LIGHTS_SWITCH,疑似重复,MIRROR_HEATING_ON; WINDSHIELD_HEATING_ON; HAZARD_LIGHT_ON; TURN_INDICATOR_ON; LOW_BEAM_ON; HIGH_BEAM_ON; FOG_LIGHT_ON; PARKING_LIGHT_ON,是,是,是,否/待审
VCC-031,TURN_OFF LIGHT 关闭,TURN_OFF,LIGHT,按官方路径区域归并,布尔,,Vehicle.Body.Lights.Fog.Rear.IsOn; Vehicle.Body.Lights.Fog.Front.IsOn,actuator,boolean,,Indicates if light is on or off. True = On. False = Off.,Android VHAL Android 16 VehicleProperty.aidl (按功能名交叉核验),Vehicle.Body.Lights.Fog.IsOn,2,TURN_SIGNAL_LIGHT_STATE; SEAT_FOOTWELL_LIGHTS_STATE; SEAT_FOOTWELL_LIGHTS_SWITCH; HEADLIGHTS_STATE; HIGH_BEAM_LIGHTS_STATE; FOG_LIGHTS_STATE; HAZARD_LIGHTS_STATE; HEADLIGHTS_SWITCH; HIGH_BEAM_LIGHTS_SWITCH; FOG_LIGHTS_SWITCH; HAZARD_LIGHTS_SWITCH; CABIN_LIGHTS_STATE; CABIN_LIGHTS_SWITCH; READING_LIGHTS_STATE; READING_LIGHTS_SWITCH; STEERING_WHEEL_LIGHTS_STATE; STEERING_WHEEL_LIGHTS_SWITCH; FRONT_FOG_LIGHTS_STATE; FRONT_FOG_LIGHTS_SWITCH; REAR_FOG_LIGHTS_STATE; REAR_FOG_LIGHTS_SWITCH,疑似重复,MIRROR_HEATING_OFF; WINDSHIELD_HEATING_OFF; HAZARD_LIGHT_OFF; TURN_INDICATOR_OFF; LOW_BEAM_OFF; HIGH_BEAM_OFF; FOG_LIGHT_OFF; PARKING_LIGHT_OFF,是,是,是,否/待审
VCC-032,TURN_ON LIGHT 开启,TURN_ON,LIGHT,按官方路径区域归并,布尔,,Vehicle.Body.Lights.Hazard.IsSignaling,actuator,boolean,,Indicates if light is signaling or off. True = signaling. False = Off.,Android VHAL Android 16 VehicleProperty.aidl (按功能名交叉核验),Vehicle.Body.Lights.Hazard.IsSignaling,1,TURN_SIGNAL_LIGHT_STATE; SEAT_FOOTWELL_LIGHTS_STATE; SEAT_FOOTWELL_LIGHTS_SWITCH; HEADLIGHTS_STATE; HIGH_BEAM_LIGHTS_STATE; FOG_LIGHTS_STATE; HAZARD_LIGHTS_STATE; HEADLIGHTS_SWITCH; HIGH_BEAM_LIGHTS_SWITCH; FOG_LIGHTS_SWITCH; HAZARD_LIGHTS_SWITCH; CABIN_LIGHTS_STATE; CABIN_LIGHTS_SWITCH; READING_LIGHTS_STATE; READING_LIGHTS_SWITCH; STEERING_WHEEL_LIGHTS_STATE; STEERING_WHEEL_LIGHTS_SWITCH; FRONT_FOG_LIGHTS_STATE; FRONT_FOG_LIGHTS_SWITCH; REAR_FOG_LIGHTS_STATE; REAR_FOG_LIGHTS_SWITCH,疑似重复,MIRROR_HEATING_ON; WINDSHIELD_HEATING_ON; HAZARD_LIGHT_ON; TURN_INDICATOR_ON; LOW_BEAM_ON; HIGH_BEAM_ON; FOG_LIGHT_ON; PARKING_LIGHT_ON,是,是,是,否/待审
VCC-033,TURN_OFF LIGHT 关闭,TURN_OFF,LIGHT,按官方路径区域归并,布尔,,Vehicle.Body.Lights.Hazard.IsSignaling,actuator,boolean,,Indicates if light is signaling or off. True = signaling. False = Off.,Android VHAL Android 16 VehicleProperty.aidl (按功能名交叉核验),Vehicle.Body.Lights.Hazard.IsSignaling,1,TURN_SIGNAL_LIGHT_STATE; SEAT_FOOTWELL_LIGHTS_STATE; SEAT_FOOTWELL_LIGHTS_SWITCH; HEADLIGHTS_STATE; HIGH_BEAM_LIGHTS_STATE; FOG_LIGHTS_STATE; HAZARD_LIGHTS_STATE; HEADLIGHTS_SWITCH; HIGH_BEAM_LIGHTS_SWITCH; FOG_LIGHTS_SWITCH; HAZARD_LIGHTS_SWITCH; CABIN_LIGHTS_STATE; CABIN_LIGHTS_SWITCH; READING_LIGHTS_STATE; READING_LIGHTS_SWITCH; STEERING_WHEEL_LIGHTS_STATE; STEERING_WHEEL_LIGHTS_SWITCH; FRONT_FOG_LIGHTS_STATE; FRONT_FOG_LIGHTS_SWITCH; REAR_FOG_LIGHTS_STATE; REAR_FOG_LIGHTS_SWITCH,疑似重复,MIRROR_HEATING_OFF; WINDSHIELD_HEATING_OFF; HAZARD_LIGHT_OFF; TURN_INDICATOR_OFF; LOW_BEAM_OFF; HIGH_BEAM_OFF; FOG_LIGHT_OFF; PARKING_LIGHT_OFF,是,是,是,否/待审
VCC-034,TURN_ON LIGHT 开启,TURN_ON,LIGHT,按官方路径区域归并,布尔,,Vehicle.Body.Lights.LicensePlate.IsOn,actuator,boolean,,Indicates if light is on or off. True = On. False = Off.,Android VHAL Android 16 VehicleProperty.aidl (按功能名交叉核验),Vehicle.Body.Lights.LicensePlate.IsOn,1,TURN_SIGNAL_LIGHT_STATE; SEAT_FOOTWELL_LIGHTS_STATE; SEAT_FOOTWELL_LIGHTS_SWITCH; HEADLIGHTS_STATE; HIGH_BEAM_LIGHTS_STATE; FOG_LIGHTS_STATE; HAZARD_LIGHTS_STATE; HEADLIGHTS_SWITCH; HIGH_BEAM_LIGHTS_SWITCH; FOG_LIGHTS_SWITCH; HAZARD_LIGHTS_SWITCH; CABIN_LIGHTS_STATE; CABIN_LIGHTS_SWITCH; READING_LIGHTS_STATE; READING_LIGHTS_SWITCH; STEERING_WHEEL_LIGHTS_STATE; STEERING_WHEEL_LIGHTS_SWITCH; FRONT_FOG_LIGHTS_STATE; FRONT_FOG_LIGHTS_SWITCH; REAR_FOG_LIGHTS_STATE; REAR_FOG_LIGHTS_SWITCH,疑似重复,MIRROR_HEATING_ON; WINDSHIELD_HEATING_ON; HAZARD_LIGHT_ON; TURN_INDICATOR_ON; LOW_BEAM_ON; HIGH_BEAM_ON; FOG_LIGHT_ON; PARKING_LIGHT_ON,是,是,是,否/待审
VCC-035,TURN_OFF LIGHT 关闭,TURN_OFF,LIGHT,按官方路径区域归并,布尔,,Vehicle.Body.Lights.LicensePlate.IsOn,actuator,boolean,,Indicates if light is on or off. True = On. False = Off.,Android VHAL Android 16 VehicleProperty.aidl (按功能名交叉核验),Vehicle.Body.Lights.LicensePlate.IsOn,1,TURN_SIGNAL_LIGHT_STATE; SEAT_FOOTWELL_LIGHTS_STATE; SEAT_FOOTWELL_LIGHTS_SWITCH; HEADLIGHTS_STATE; HIGH_BEAM_LIGHTS_STATE; FOG_LIGHTS_STATE; HAZARD_LIGHTS_STATE; HEADLIGHTS_SWITCH; HIGH_BEAM_LIGHTS_SWITCH; FOG_LIGHTS_SWITCH; HAZARD_LIGHTS_SWITCH; CABIN_LIGHTS_STATE; CABIN_LIGHTS_SWITCH; READING_LIGHTS_STATE; READING_LIGHTS_SWITCH; STEERING_WHEEL_LIGHTS_STATE; STEERING_WHEEL_LIGHTS_SWITCH; FRONT_FOG_LIGHTS_STATE; FRONT_FOG_LIGHTS_SWITCH; REAR_FOG_LIGHTS_STATE; REAR_FOG_LIGHTS_SWITCH,疑似重复,MIRROR_HEATING_OFF; WINDSHIELD_HEATING_OFF; HAZARD_LIGHT_OFF; TURN_INDICATOR_OFF; LOW_BEAM_OFF; HIGH_BEAM_OFF; FOG_LIGHT_OFF; PARKING_LIGHT_OFF,是,是,是,否/待审
VCC-036,SET_MODE LIGHT LightSwitch,SET_MODE,LIGHT,按官方路径区域归并,枚举,AUTO; BEAM; DAYTIME_RUNNING_LIGHTS; OFF; POSITION,Vehicle.Body.Lights.LightSwitch,actuator,string,,Status of the vehicle main light switch.,Android VHAL Android 16 VehicleProperty.aidl (按功能名交叉核验),Vehicle.Body.Lights.LightSwitch,1,TURN_SIGNAL_LIGHT_STATE; SEAT_FOOTWELL_LIGHTS_STATE; SEAT_FOOTWELL_LIGHTS_SWITCH; HEADLIGHTS_STATE; HIGH_BEAM_LIGHTS_STATE; FOG_LIGHTS_STATE; HAZARD_LIGHTS_STATE; HEADLIGHTS_SWITCH; HIGH_BEAM_LIGHTS_SWITCH; FOG_LIGHTS_SWITCH; HAZARD_LIGHTS_SWITCH; CABIN_LIGHTS_STATE; CABIN_LIGHTS_SWITCH; READING_LIGHTS_STATE; READING_LIGHTS_SWITCH; STEERING_WHEEL_LIGHTS_STATE; STEERING_WHEEL_LIGHTS_SWITCH; FRONT_FOG_LIGHTS_STATE; FRONT_FOG_LIGHTS_SWITCH; REAR_FOG_LIGHTS_STATE; REAR_FOG_LIGHTS_SWITCH,缺失候选,,否,否,是,否/待审
VCC-037,TURN_ON LIGHT 开启,TURN_ON,LIGHT,按官方路径区域归并,布尔,,Vehicle.Body.Lights.Parking.IsOn,actuator,boolean,,Indicates if light is on or off. True = On. False = Off.,Android VHAL Android 16 VehicleProperty.aidl (按功能名交叉核验),Vehicle.Body.Lights.Parking.IsOn,1,TURN_SIGNAL_LIGHT_STATE; SEAT_FOOTWELL_LIGHTS_STATE; SEAT_FOOTWELL_LIGHTS_SWITCH; HEADLIGHTS_STATE; HIGH_BEAM_LIGHTS_STATE; FOG_LIGHTS_STATE; HAZARD_LIGHTS_STATE; HEADLIGHTS_SWITCH; HIGH_BEAM_LIGHTS_SWITCH; FOG_LIGHTS_SWITCH; HAZARD_LIGHTS_SWITCH; CABIN_LIGHTS_STATE; CABIN_LIGHTS_SWITCH; READING_LIGHTS_STATE; READING_LIGHTS_SWITCH; STEERING_WHEEL_LIGHTS_STATE; STEERING_WHEEL_LIGHTS_SWITCH; FRONT_FOG_LIGHTS_STATE; FRONT_FOG_LIGHTS_SWITCH; REAR_FOG_LIGHTS_STATE; REAR_FOG_LIGHTS_SWITCH,疑似重复,MIRROR_HEATING_ON; WINDSHIELD_HEATING_ON; HAZARD_LIGHT_ON; TURN_INDICATOR_ON; LOW_BEAM_ON; HIGH_BEAM_ON; FOG_LIGHT_ON; PARKING_LIGHT_ON,是,是,是,否/待审
VCC-038,TURN_OFF LIGHT 关闭,TURN_OFF,LIGHT,按官方路径区域归并,布尔,,Vehicle.Body.Lights.Parking.IsOn,actuator,boolean,,Indicates if light is on or off. True = On. False = Off.,Android VHAL Android 16 VehicleProperty.aidl (按功能名交叉核验),Vehicle.Body.Lights.Parking.IsOn,1,TURN_SIGNAL_LIGHT_STATE; SEAT_FOOTWELL_LIGHTS_STATE; SEAT_FOOTWELL_LIGHTS_SWITCH; HEADLIGHTS_STATE; HIGH_BEAM_LIGHTS_STATE; FOG_LIGHTS_STATE; HAZARD_LIGHTS_STATE; HEADLIGHTS_SWITCH; HIGH_BEAM_LIGHTS_SWITCH; FOG_LIGHTS_SWITCH; HAZARD_LIGHTS_SWITCH; CABIN_LIGHTS_STATE; CABIN_LIGHTS_SWITCH; READING_LIGHTS_STATE; READING_LIGHTS_SWITCH; STEERING_WHEEL_LIGHTS_STATE; STEERING_WHEEL_LIGHTS_SWITCH; FRONT_FOG_LIGHTS_STATE; FRONT_FOG_LIGHTS_SWITCH; REAR_FOG_LIGHTS_STATE; REAR_FOG_LIGHTS_SWITCH,疑似重复,MIRROR_HEATING_OFF; WINDSHIELD_HEATING_OFF; HAZARD_LIGHT_OFF; TURN_INDICATOR_OFF; LOW_BEAM_OFF; HIGH_BEAM_OFF; FOG_LIGHT_OFF; PARKING_LIGHT_OFF,是,是,是,否/待审
VCC-039,TURN_ON LIGHT 开启,TURN_ON,LIGHT,按官方路径区域归并,布尔,,Vehicle.Body.Lights.Running.IsOn,actuator,boolean,,Indicates if light is on or off. True = On. False = Off.,Android VHAL Android 16 VehicleProperty.aidl (按功能名交叉核验),Vehicle.Body.Lights.Running.IsOn,1,TURN_SIGNAL_LIGHT_STATE; SEAT_FOOTWELL_LIGHTS_STATE; SEAT_FOOTWELL_LIGHTS_SWITCH; HEADLIGHTS_STATE; HIGH_BEAM_LIGHTS_STATE; FOG_LIGHTS_STATE; HAZARD_LIGHTS_STATE; HEADLIGHTS_SWITCH; HIGH_BEAM_LIGHTS_SWITCH; FOG_LIGHTS_SWITCH; HAZARD_LIGHTS_SWITCH; CABIN_LIGHTS_STATE; CABIN_LIGHTS_SWITCH; READING_LIGHTS_STATE; READING_LIGHTS_SWITCH; STEERING_WHEEL_LIGHTS_STATE; STEERING_WHEEL_LIGHTS_SWITCH; FRONT_FOG_LIGHTS_STATE; FRONT_FOG_LIGHTS_SWITCH; REAR_FOG_LIGHTS_STATE; REAR_FOG_LIGHTS_SWITCH,疑似重复,MIRROR_HEATING_ON; WINDSHIELD_HEATING_ON; HAZARD_LIGHT_ON; TURN_INDICATOR_ON; LOW_BEAM_ON; HIGH_BEAM_ON; FOG_LIGHT_ON; PARKING_LIGHT_ON,是,是,是,否/待审
VCC-040,TURN_OFF LIGHT 关闭,TURN_OFF,LIGHT,按官方路径区域归并,布尔,,Vehicle.Body.Lights.Running.IsOn,actuator,boolean,,Indicates if light is on or off. True = On. False = Off.,Android VHAL Android 16 VehicleProperty.aidl (按功能名交叉核验),Vehicle.Body.Lights.Running.IsOn,1,TURN_SIGNAL_LIGHT_STATE; SEAT_FOOTWELL_LIGHTS_STATE; SEAT_FOOTWELL_LIGHTS_SWITCH; HEADLIGHTS_STATE; HIGH_BEAM_LIGHTS_STATE; FOG_LIGHTS_STATE; HAZARD_LIGHTS_STATE; HEADLIGHTS_SWITCH; HIGH_BEAM_LIGHTS_SWITCH; FOG_LIGHTS_SWITCH; HAZARD_LIGHTS_SWITCH; CABIN_LIGHTS_STATE; CABIN_LIGHTS_SWITCH; READING_LIGHTS_STATE; READING_LIGHTS_SWITCH; STEERING_WHEEL_LIGHTS_STATE; STEERING_WHEEL_LIGHTS_SWITCH; FRONT_FOG_LIGHTS_STATE; FRONT_FOG_LIGHTS_SWITCH; REAR_FOG_LIGHTS_STATE; REAR_FOG_LIGHTS_SWITCH,疑似重复,MIRROR_HEATING_OFF; WINDSHIELD_HEATING_OFF; HAZARD_LIGHT_OFF; TURN_INDICATOR_OFF; LOW_BEAM_OFF; HIGH_BEAM_OFF; FOG_LIGHT_OFF; PARKING_LIGHT_OFF,是,是,是,否/待审
VCC-041,OPEN MIRROR 开,OPEN,MIRROR,按官方路径区域归并,布尔,,Vehicle.Body.Mirrors.DriverSide.IsFolded; Vehicle.Body.Mirrors.PassengerSide.IsFolded,actuator,boolean,,Is mirror folded? True = Fully or partially folded. False = Fully unfolded.,Android VHAL Android 16 VehicleProperty.aidl (按功能名交叉核验),Vehicle.Body.Mirrors.IsFolded,2,HVAC_SIDE_MIRROR_HEAT; MIRROR_Z_POS; MIRROR_Z_MOVE; MIRROR_Y_POS; MIRROR_Y_MOVE; MIRROR_LOCK; MIRROR_FOLD; MIRROR_AUTO_FOLD_ENABLED; MIRROR_AUTO_TILT_ENABLED,疑似重复,TRUNK_OPEN; HOOD_OPEN,是,是,是,否/待审
VCC-042,CLOSE MIRROR 关,CLOSE,MIRROR,按官方路径区域归并,布尔,,Vehicle.Body.Mirrors.DriverSide.IsFolded; Vehicle.Body.Mirrors.PassengerSide.IsFolded,actuator,boolean,,Is mirror folded? True = Fully or partially folded. False = Fully unfolded.,Android VHAL Android 16 VehicleProperty.aidl (按功能名交叉核验),Vehicle.Body.Mirrors.IsFolded,2,HVAC_SIDE_MIRROR_HEAT; MIRROR_Z_POS; MIRROR_Z_MOVE; MIRROR_Y_POS; MIRROR_Y_MOVE; MIRROR_LOCK; MIRROR_FOLD; MIRROR_AUTO_FOLD_ENABLED; MIRROR_AUTO_TILT_ENABLED,疑似重复,TRUNK_CLOSE; HOOD_CLOSE,是,是,是,否/待审
VCC-043,TURN_ON MIRROR 开启,TURN_ON,MIRROR,按官方路径区域归并,布尔,,Vehicle.Body.Mirrors.DriverSide.IsHeatingOn; Vehicle.Body.Mirrors.PassengerSide.IsHeatingOn,actuator,boolean,,Mirror Heater on or off. True = Heater On. False = Heater Off.,Android VHAL Android 16 VehicleProperty.aidl (按功能名交叉核验),Vehicle.Body.Mirrors.IsHeatingOn,2,HVAC_SIDE_MIRROR_HEAT; MIRROR_Z_POS; MIRROR_Z_MOVE; MIRROR_Y_POS; MIRROR_Y_MOVE; MIRROR_LOCK; MIRROR_FOLD; MIRROR_AUTO_FOLD_ENABLED; MIRROR_AUTO_TILT_ENABLED,疑似重复,MIRROR_HEATING_ON; WINDSHIELD_HEATING_ON; HAZARD_LIGHT_ON; TURN_INDICATOR_ON; LOW_BEAM_ON; HIGH_BEAM_ON; FOG_LIGHT_ON; PARKING_LIGHT_ON,是,是,是,否/待审
VCC-044,TURN_OFF MIRROR 关闭,TURN_OFF,MIRROR,按官方路径区域归并,布尔,,Vehicle.Body.Mirrors.DriverSide.IsHeatingOn; Vehicle.Body.Mirrors.PassengerSide.IsHeatingOn,actuator,boolean,,Mirror Heater on or off. True = Heater On. False = Heater Off.,Android VHAL Android 16 VehicleProperty.aidl (按功能名交叉核验),Vehicle.Body.Mirrors.IsHeatingOn,2,HVAC_SIDE_MIRROR_HEAT; MIRROR_Z_POS; MIRROR_Z_MOVE; MIRROR_Y_POS; MIRROR_Y_MOVE; MIRROR_LOCK; MIRROR_FOLD; MIRROR_AUTO_FOLD_ENABLED; MIRROR_AUTO_TILT_ENABLED,疑似重复,MIRROR_HEATING_OFF; WINDSHIELD_HEATING_OFF; HAZARD_LIGHT_OFF; TURN_INDICATOR_OFF; LOW_BEAM_OFF; HIGH_BEAM_OFF; FOG_LIGHT_OFF; PARKING_LIGHT_OFF,是,是,是,否/待审
VCC-045,LOCK MIRROR 锁定,LOCK,MIRROR,按官方路径区域归并,布尔,,Vehicle.Body.Mirrors.DriverSide.IsLocked; Vehicle.Body.Mirrors.PassengerSide.IsLocked,actuator,boolean,,"Is mirror movement locked? True = Locked, mirror will not react to Tilt/Pan change. False = Unlocked.",Android VHAL Android 16 VehicleProperty.aidl (按功能名交叉核验),Vehicle.Body.Mirrors.IsLocked,2,HVAC_SIDE_MIRROR_HEAT; MIRROR_Z_POS; MIRROR_Z_MOVE; MIRROR_Y_POS; MIRROR_Y_MOVE; MIRROR_LOCK; MIRROR_FOLD; MIRROR_AUTO_FOLD_ENABLED; MIRROR_AUTO_TILT_ENABLED,已覆盖-正式,TRUNK_LOCK,是,否,保持现有映射,是
VCC-046,UNLOCK MIRROR 解锁,UNLOCK,MIRROR,按官方路径区域归并,布尔,,Vehicle.Body.Mirrors.DriverSide.IsLocked; Vehicle.Body.Mirrors.PassengerSide.IsLocked,actuator,boolean,,"Is mirror movement locked? True = Locked, mirror will not react to Tilt/Pan change. False = Unlocked.",Android VHAL Android 16 VehicleProperty.aidl (按功能名交叉核验),Vehicle.Body.Mirrors.IsLocked,2,HVAC_SIDE_MIRROR_HEAT; MIRROR_Z_POS; MIRROR_Z_MOVE; MIRROR_Y_POS; MIRROR_Y_MOVE; MIRROR_LOCK; MIRROR_FOLD; MIRROR_AUTO_FOLD_ENABLED; MIRROR_AUTO_TILT_ENABLED,已覆盖-正式,TRUNK_UNLOCK,是,否,保持现有映射,是
VCC-047,SET MIRROR Pan,SET,MIRROR,按官方路径区域归并,连续数值,-100..100,Vehicle.Body.Mirrors.DriverSide.Pan; Vehicle.Body.Mirrors.PassengerSide.Pan,actuator,int8,percent,Mirror pan as a percent. 0 = Center Position. 100 = Fully Left Position. -100 = Fully Right Position.,Android VHAL Android 16 VehicleProperty.aidl (按功能名交叉核验),Vehicle.Body.Mirrors.Pan,2,HVAC_SIDE_MIRROR_HEAT; MIRROR_Z_POS; MIRROR_Z_MOVE; MIRROR_Y_POS; MIRROR_Y_MOVE; MIRROR_LOCK; MIRROR_FOLD; MIRROR_AUTO_FOLD_ENABLED; MIRROR_AUTO_TILT_ENABLED,缺失候选,,否,否,是,否/待审
VCC-048,SET MIRROR Tilt,SET,MIRROR,按官方路径区域归并,连续数值,-100..100,Vehicle.Body.Mirrors.DriverSide.Tilt; Vehicle.Body.Mirrors.PassengerSide.Tilt,actuator,int8,percent,Mirror tilt as a percent. 0 = Center Position. 100 = Fully Upward Position. -100 = Fully Downward Position.,Android VHAL Android 16 VehicleProperty.aidl (按功能名交叉核验),Vehicle.Body.Mirrors.Tilt,2,HVAC_SIDE_MIRROR_HEAT; MIRROR_Z_POS; MIRROR_Z_MOVE; MIRROR_Y_POS; MIRROR_Y_MOVE; MIRROR_LOCK; MIRROR_FOLD; MIRROR_AUTO_FOLD_ENABLED; MIRROR_AUTO_TILT_ENABLED,缺失候选,,否,否,是,否/待审
VCC-049,SET MIRROR Yaw,SET,MIRROR,按官方路径区域归并,连续数值,-100..100,Vehicle.Body.Mirrors.DriverSide.Yaw; Vehicle.Body.Mirrors.PassengerSide.Yaw,actuator,int8,percent,"Relative mirror yaw angle, measured from the vehicle sprung mass X-axis as defined by ISO 23150:2023 to the mirror X-axis, around the vehicle Z-axis (right-hand rule). 0 = Mirror in default position. Exact position (yaw relative to vehicle X-axis) is vehicle dependent. 100 = Maximum yaw. Mirror rotated clockwise as much as possible around Z-axis. -100 = Minimum yaw. Mirror rotated counter-clockwise as much as possible around Z-axis.",Android VHAL Android 16 VehicleProperty.aidl (按功能名交叉核验),Vehicle.Body.Mirrors.Yaw,2,HVAC_SIDE_MIRROR_HEAT; MIRROR_Z_POS; MIRROR_Z_MOVE; MIRROR_Y_POS; MIRROR_Y_MOVE; MIRROR_LOCK; MIRROR_FOLD; MIRROR_AUTO_FOLD_ENABLED; MIRROR_AUTO_TILT_ENABLED,缺失候选,,否,否,是,否/待审
VCC-050,SET PowerOptimizeLevel PowerOptimizeLevel,SET,PowerOptimizeLevel,按官方路径区域归并,连续数值,0..10,Vehicle.Body.PowerOptimizeLevel,actuator,uint8,,"Power optimization level for this branch/subsystem. A higher number indicates more aggressive power optimization. Level 0 indicates that all functionality is enabled, no power optimization enabled. Level 10 indicates most aggressive power optimization mode, only essential functionality enabled.",Android VHAL Android 16 VehicleProperty.aidl (按功能名交叉核验),Vehicle.Body.PowerOptimizeLevel,1,,疑似重复,FRAGRANCE_SET_LEVEL; SEAT_HEATING_SET_LEVEL; SEAT_MASSAGE_SET_LEVEL; SEAT_VENTILATION_SET_LEVEL,是,是,是,否/待审
VCC-051,SET RearMainSpoilerPosition RearMainSpoilerPosition,SET,RearMainSpoilerPosition,按官方路径区域归并,连续数值,0..100,Vehicle.Body.RearMainSpoilerPosition,actuator,float,percent,"Rear spoiler position, 0% = Spoiler fully stowed. 100% = Spoiler fully exposed.",Android VHAL Android 16 VehicleProperty.aidl (按功能名交叉核验),Vehicle.Body.RearMainSpoilerPosition,1,,缺失候选,,否,否,是,否/待审
VCC-052,LOCK TRUNK 锁定,LOCK,TRUNK,按官方路径区域归并,布尔,,Vehicle.Body.Trunk.Front.IsLocked; Vehicle.Body.Trunk.Rear.IsLocked,actuator,boolean,,Is item locked or unlocked. True = Locked. False = Unlocked.,Android VHAL Android 16 VehicleProperty.aidl (按功能名交叉核验),Vehicle.Body.Trunk.IsLocked,2,,已覆盖-正式,TRUNK_LOCK,是,否,保持现有映射,是
VCC-053,UNLOCK TRUNK 解锁,UNLOCK,TRUNK,按官方路径区域归并,布尔,,Vehicle.Body.Trunk.Front.IsLocked; Vehicle.Body.Trunk.Rear.IsLocked,actuator,boolean,,Is item locked or unlocked. True = Locked. False = Unlocked.,Android VHAL Android 16 VehicleProperty.aidl (按功能名交叉核验),Vehicle.Body.Trunk.IsLocked,2,,已覆盖-正式,TRUNK_UNLOCK,是,否,保持现有映射,是
VCC-054,OPEN TRUNK 开,OPEN,TRUNK,按官方路径区域归并,布尔,,Vehicle.Body.Trunk.Front.IsOpen; Vehicle.Body.Trunk.Rear.IsOpen,actuator,boolean,,Is item open or closed? True = Fully or partially open. False = Fully closed.,Android VHAL Android 16 VehicleProperty.aidl (按功能名交叉核验),Vehicle.Body.Trunk.IsOpen,2,,疑似重复,TRUNK_OPEN; HOOD_OPEN,是,是,是,否/待审
VCC-055,CLOSE TRUNK 关,CLOSE,TRUNK,按官方路径区域归并,布尔,,Vehicle.Body.Trunk.Front.IsOpen; Vehicle.Body.Trunk.Rear.IsOpen,actuator,boolean,,Is item open or closed? True = Fully or partially open. False = Fully closed.,Android VHAL Android 16 VehicleProperty.aidl (按功能名交叉核验),Vehicle.Body.Trunk.IsOpen,2,,疑似重复,TRUNK_CLOSE; HOOD_CLOSE,是,是,是,否/待审
VCC-056,SET TRUNK Position,SET,TRUNK,按官方路径区域归并,连续数值,0..100,Vehicle.Body.Trunk.Front.Position; Vehicle.Body.Trunk.Rear.Position,actuator,uint8,percent,Item position. 0 = Start position 100 = End position.,Android VHAL Android 16 VehicleProperty.aidl (按功能名交叉核验),Vehicle.Body.Trunk.Position,2,,缺失候选,,否,否,是,否/待审
VCC-057,SWITCH_MODE TRUNK Switch,SWITCH_MODE,TRUNK,按官方路径区域归并,枚举,CLOSE; INACTIVE; ONE_SHOT_CLOSE; ONE_SHOT_OPEN; OPEN,Vehicle.Body.Trunk.Front.Switch; Vehicle.Body.Trunk.Rear.Switch,actuator,string,,"Switch controlling sliding action such as window, sunroof, or blind.",Android VHAL Android 16 VehicleProperty.aidl (按功能名交叉核验),Vehicle.Body.Trunk.Switch,2,,疑似重复,HEADLIGHT_SET_MODE; WIPER_SET_MODE,是,是,是,否/待审
VCC-058,TURN_ON WIPER 开启,TURN_ON,WIPER,按官方路径区域归并,布尔,,Vehicle.Body.Windshield.Front.IsHeatingOn; Vehicle.Body.Windshield.Rear.IsHeatingOn,actuator,boolean,,"Windshield heater status. False - off, True - on.",Android VHAL Android 16 VehicleProperty.aidl (按功能名交叉核验),Vehicle.Body.Windshield.IsHeatingOn,2,,疑似重复,MIRROR_HEATING_ON; DEFROST_ON; WINDSHIELD_HEATING_ON; HAZARD_LIGHT_ON; TURN_INDICATOR_ON; LOW_BEAM_ON; HIGH_BEAM_ON; FOG_LIGHT_ON; PARKING_LIGHT_ON,是,是,是,否/待审
VCC-059,TURN_OFF WIPER 关闭,TURN_OFF,WIPER,按官方路径区域归并,布尔,,Vehicle.Body.Windshield.Front.IsHeatingOn; Vehicle.Body.Windshield.Rear.IsHeatingOn,actuator,boolean,,"Windshield heater status. False - off, True - on.",Android VHAL Android 16 VehicleProperty.aidl (按功能名交叉核验),Vehicle.Body.Windshield.IsHeatingOn,2,,疑似重复,MIRROR_HEATING_OFF; DEFROST_OFF; WINDSHIELD_HEATING_OFF; HAZARD_LIGHT_OFF; TURN_INDICATOR_OFF; LOW_BEAM_OFF; HIGH_BEAM_OFF; FOG_LIGHT_OFF; PARKING_LIGHT_OFF,是,是,是,否/待审
VCC-060,SET WIPER Intensity,SET,WIPER,按官方路径区域归并,连续数值,,Vehicle.Body.Windshield.Front.Wiping.Intensity; Vehicle.Body.Windshield.Rear.Wiping.Intensity,actuator,uint8,,"Relative intensity/sensitivity for interval and rain sensor mode as requested by user/driver. Has no significance if Windshield.Wiping.Mode is OFF/SLOW/MEDIUM/FAST 0 - wipers inactive. 1 - minimum intensity (lowest frequency/sensitivity, longest interval). 2/3/4/... - higher intensity (higher frequency/sensitivity, shorter interval). Maximum value supported is vehicle specific.",Android VHAL Android 16 VehicleProperty.aidl (按功能名交叉核验),Vehicle.Body.Windshield.Wiping.Intensity,2,,缺失候选,,否,否,是,否/待审
VCC-061,SET_MODE WIPER Mode,SET_MODE,WIPER,按官方路径区域归并,枚举,FAST; INTERVAL; MEDIUM; OFF; RAIN_SENSOR; SLOW,Vehicle.Body.Windshield.Front.Wiping.Mode; Vehicle.Body.Windshield.Rear.Wiping.Mode,actuator,string,,"Wiper mode requested by user/driver. INTERVAL indicates intermittent wiping, with fixed time interval between each wipe. RAIN_SENSOR indicates intermittent wiping based on rain intensity.",Android VHAL Android 16 VehicleProperty.aidl (按功能名交叉核验),Vehicle.Body.Windshield.Wiping.Mode,2,,缺失候选,,否,否,是,否/待审
VCC-062,LOCK DOOR 锁定,LOCK,DOOR,按官方路径区域归并,布尔,,Vehicle.Cabin.Door.Row1.DriverSide.IsLocked; Vehicle.Cabin.Door.Row1.PassengerSide.IsLocked; Vehicle.Cabin.Door.Row2.DriverSide.IsLocked; Vehicle.Cabin.Door.Row2.PassengerSide.IsLocked,actuator,boolean,,Is item locked or unlocked. True = Locked. False = Unlocked.,Android VHAL Android 16 VehicleProperty.aidl (按功能名交叉核验),Vehicle.Cabin.Door.IsLocked,4,INFO_FUEL_DOOR_LOCATION; FUEL_DOOR_OPEN; DOOR_POS; DOOR_MOVE; DOOR_LOCK; DOOR_CHILD_LOCK_ENABLED; GLOVE_BOX_DOOR_POS,已覆盖-正式,DOOR_LOCK,是,否,保持现有映射,是
VCC-063,UNLOCK DOOR 解锁,UNLOCK,DOOR,按官方路径区域归并,布尔,,Vehicle.Cabin.Door.Row1.DriverSide.IsLocked; Vehicle.Cabin.Door.Row1.PassengerSide.IsLocked; Vehicle.Cabin.Door.Row2.DriverSide.IsLocked; Vehicle.Cabin.Door.Row2.PassengerSide.IsLocked,actuator,boolean,,Is item locked or unlocked. True = Locked. False = Unlocked.,Android VHAL Android 16 VehicleProperty.aidl (按功能名交叉核验),Vehicle.Cabin.Door.IsLocked,4,INFO_FUEL_DOOR_LOCATION; FUEL_DOOR_OPEN; DOOR_POS; DOOR_MOVE; DOOR_LOCK; DOOR_CHILD_LOCK_ENABLED; GLOVE_BOX_DOOR_POS,已覆盖-正式,DOOR_UNLOCK,是,否,保持现有映射,是
VCC-064,OPEN DOOR 开,OPEN,DOOR,按官方路径区域归并,布尔,,Vehicle.Cabin.Door.Row1.DriverSide.IsOpen; Vehicle.Cabin.Door.Row1.PassengerSide.IsOpen; Vehicle.Cabin.Door.Row2.DriverSide.IsOpen; Vehicle.Cabin.Door.Row2.PassengerSide.IsOpen,actuator,boolean,,Is item open or closed? True = Fully or partially open. False = Fully closed.,Android VHAL Android 16 VehicleProperty.aidl (按功能名交叉核验),Vehicle.Cabin.Door.IsOpen,4,INFO_FUEL_DOOR_LOCATION; FUEL_DOOR_OPEN; DOOR_POS; DOOR_MOVE; DOOR_LOCK; DOOR_CHILD_LOCK_ENABLED; GLOVE_BOX_DOOR_POS,疑似重复,SUNROOF_OPEN; WINDOW_OPEN; DOOR_OPEN,是,是,是,否/待审
VCC-065,CLOSE DOOR 关,CLOSE,DOOR,按官方路径区域归并,布尔,,Vehicle.Cabin.Door.Row1.DriverSide.IsOpen; Vehicle.Cabin.Door.Row1.PassengerSide.IsOpen; Vehicle.Cabin.Door.Row2.DriverSide.IsOpen; Vehicle.Cabin.Door.Row2.PassengerSide.IsOpen,actuator,boolean,,Is item open or closed? True = Fully or partially open. False = Fully closed.,Android VHAL Android 16 VehicleProperty.aidl (按功能名交叉核验),Vehicle.Cabin.Door.IsOpen,4,INFO_FUEL_DOOR_LOCATION; FUEL_DOOR_OPEN; DOOR_POS; DOOR_MOVE; DOOR_LOCK; DOOR_CHILD_LOCK_ENABLED; GLOVE_BOX_DOOR_POS,疑似重复,SUNROOF_CLOSE; WINDOW_CLOSE; DOOR_CLOSE,是,是,是,否/待审
VCC-066,SET DOOR Position,SET,DOOR,按官方路径区域归并,连续数值,0..100,Vehicle.Cabin.Door.Row1.DriverSide.Position; Vehicle.Cabin.Door.Row1.PassengerSide.Position; Vehicle.Cabin.Door.Row2.DriverSide.Position; Vehicle.Cabin.Door.Row2.PassengerSide.Position,actuator,uint8,percent,Item position. 0 = Start position 100 = End position.,Android VHAL Android 16 VehicleProperty.aidl (按功能名交叉核验),Vehicle.Cabin.Door.Position,4,INFO_FUEL_DOOR_LOCATION; FUEL_DOOR_OPEN; DOOR_POS; DOOR_MOVE; DOOR_LOCK; DOOR_CHILD_LOCK_ENABLED; GLOVE_BOX_DOOR_POS,缺失候选,,否,否,是,否/待审
VCC-067,OPEN DOOR 开,OPEN,DOOR,按官方路径区域归并,布尔,,Vehicle.Cabin.Door.Row1.DriverSide.Shade.IsOpen; Vehicle.Cabin.Door.Row1.PassengerSide.Shade.IsOpen; Vehicle.Cabin.Door.Row2.DriverSide.Shade.IsOpen; Vehicle.Cabin.Door.Row2.PassengerSide.Shade.IsOpen,actuator,boolean,,Is item open or closed? True = Fully or partially open. False = Fully closed.,Android VHAL Android 16 VehicleProperty.aidl (按功能名交叉核验),Vehicle.Cabin.Door.Shade.IsOpen,4,INFO_FUEL_DOOR_LOCATION; FUEL_DOOR_OPEN; DOOR_POS; DOOR_MOVE; DOOR_LOCK; DOOR_CHILD_LOCK_ENABLED; GLOVE_BOX_DOOR_POS,疑似重复,SUNROOF_OPEN; WINDOW_OPEN; DOOR_OPEN,是,是,是,否/待审
VCC-068,CLOSE DOOR 关,CLOSE,DOOR,按官方路径区域归并,布尔,,Vehicle.Cabin.Door.Row1.DriverSide.Shade.IsOpen; Vehicle.Cabin.Door.Row1.PassengerSide.Shade.IsOpen; Vehicle.Cabin.Door.Row2.DriverSide.Shade.IsOpen; Vehicle.Cabin.Door.Row2.PassengerSide.Shade.IsOpen,actuator,boolean,,Is item open or closed? True = Fully or partially open. False = Fully closed.,Android VHAL Android 16 VehicleProperty.aidl (按功能名交叉核验),Vehicle.Cabin.Door.Shade.IsOpen,4,INFO_FUEL_DOOR_LOCATION; FUEL_DOOR_OPEN; DOOR_POS; DOOR_MOVE; DOOR_LOCK; DOOR_CHILD_LOCK_ENABLED; GLOVE_BOX_DOOR_POS,疑似重复,SUNROOF_CLOSE; WINDOW_CLOSE; DOOR_CLOSE,是,是,是,否/待审
VCC-069,SET DOOR Position,SET,DOOR,按官方路径区域归并,连续数值,0..100,Vehicle.Cabin.Door.Row1.DriverSide.Shade.Position; Vehicle.Cabin.Door.Row1.PassengerSide.Shade.Position; Vehicle.Cabin.Door.Row2.DriverSide.Shade.Position; Vehicle.Cabin.Door.Row2.PassengerSide.Shade.Position,actuator,uint8,percent,Item position. 0 = Start position 100 = End position.,Android VHAL Android 16 VehicleProperty.aidl (按功能名交叉核验),Vehicle.Cabin.Door.Shade.Position,4,INFO_FUEL_DOOR_LOCATION; FUEL_DOOR_OPEN; DOOR_POS; DOOR_MOVE; DOOR_LOCK; DOOR_CHILD_LOCK_ENABLED; GLOVE_BOX_DOOR_POS,缺失候选,,否,否,是,否/待审
VCC-070,SWITCH_MODE DOOR Switch,SWITCH_MODE,DOOR,按官方路径区域归并,枚举,CLOSE; INACTIVE; ONE_SHOT_CLOSE; ONE_SHOT_OPEN; OPEN,Vehicle.Cabin.Door.Row1.DriverSide.Shade.Switch; Vehicle.Cabin.Door.Row1.PassengerSide.Shade.Switch; Vehicle.Cabin.Door.Row2.DriverSide.Shade.Switch; Vehicle.Cabin.Door.Row2.PassengerSide.Shade.Switch,actuator,string,,"Switch controlling sliding action such as window, sunroof, or blind.",Android VHAL Android 16 VehicleProperty.aidl (按功能名交叉核验),Vehicle.Cabin.Door.Shade.Switch,4,INFO_FUEL_DOOR_LOCATION; FUEL_DOOR_OPEN; DOOR_POS; DOOR_MOVE; DOOR_LOCK; DOOR_CHILD_LOCK_ENABLED; GLOVE_BOX_DOOR_POS,疑似重复,HEADLIGHT_SET_MODE; WIPER_SET_MODE,是,是,是,否/待审
VCC-071,SWITCH_MODE DOOR Switch,SWITCH_MODE,DOOR,按官方路径区域归并,枚举,CLOSE; INACTIVE; ONE_SHOT_CLOSE; ONE_SHOT_OPEN; OPEN,Vehicle.Cabin.Door.Row1.DriverSide.Switch; Vehicle.Cabin.Door.Row1.PassengerSide.Switch; Vehicle.Cabin.Door.Row2.DriverSide.Switch; Vehicle.Cabin.Door.Row2.PassengerSide.Switch,actuator,string,,"Switch controlling sliding action such as window, sunroof, or blind.",Android VHAL Android 16 VehicleProperty.aidl (按功能名交叉核验),Vehicle.Cabin.Door.Switch,4,INFO_FUEL_DOOR_LOCATION; FUEL_DOOR_OPEN; DOOR_POS; DOOR_MOVE; DOOR_LOCK; DOOR_CHILD_LOCK_ENABLED; GLOVE_BOX_DOOR_POS,疑似重复,HEADLIGHT_SET_MODE; WIPER_SET_MODE,是,是,是,否/待审
VCC-072,OPEN WINDOW 开,OPEN,WINDOW,按官方路径区域归并,布尔,,Vehicle.Cabin.Door.Row1.DriverSide.Window.IsOpen; Vehicle.Cabin.Door.Row1.PassengerSide.Window.IsOpen; Vehicle.Cabin.Door.Row2.DriverSide.Window.IsOpen; Vehicle.Cabin.Door.Row2.PassengerSide.Window.IsOpen,actuator,boolean,,Is item open or closed? True = Fully or partially open. False = Fully closed.,Android VHAL Android 16 VehicleProperty.aidl (按功能名交叉核验),Vehicle.Cabin.Door.Window.IsOpen,4,INFO_FUEL_DOOR_LOCATION; FUEL_DOOR_OPEN; DOOR_POS; DOOR_MOVE; DOOR_LOCK; DOOR_CHILD_LOCK_ENABLED; WINDOW_POS; WINDOW_MOVE; WINDOW_LOCK; GLOVE_BOX_DOOR_POS,疑似重复,SUNROOF_OPEN; WINDOW_OPEN; DOOR_OPEN,是,是,是,否/待审
VCC-073,CLOSE WINDOW 关,CLOSE,WINDOW,按官方路径区域归并,布尔,,Vehicle.Cabin.Door.Row1.DriverSide.Window.IsOpen; Vehicle.Cabin.Door.Row1.PassengerSide.Window.IsOpen; Vehicle.Cabin.Door.Row2.DriverSide.Window.IsOpen; Vehicle.Cabin.Door.Row2.PassengerSide.Window.IsOpen,actuator,boolean,,Is item open or closed? True = Fully or partially open. False = Fully closed.,Android VHAL Android 16 VehicleProperty.aidl (按功能名交叉核验),Vehicle.Cabin.Door.Window.IsOpen,4,INFO_FUEL_DOOR_LOCATION; FUEL_DOOR_OPEN; DOOR_POS; DOOR_MOVE; DOOR_LOCK; DOOR_CHILD_LOCK_ENABLED; WINDOW_POS; WINDOW_MOVE; WINDOW_LOCK; GLOVE_BOX_DOOR_POS,疑似重复,SUNROOF_CLOSE; WINDOW_CLOSE; DOOR_CLOSE,是,是,是,否/待审
VCC-074,SET WINDOW Position,SET,WINDOW,按官方路径区域归并,连续数值,0..100,Vehicle.Cabin.Door.Row1.DriverSide.Window.Position; Vehicle.Cabin.Door.Row1.PassengerSide.Window.Position; Vehicle.Cabin.Door.Row2.DriverSide.Window.Position; Vehicle.Cabin.Door.Row2.PassengerSide.Window.Position,actuator,uint8,percent,Item position. 0 = Start position 100 = End position.,Android VHAL Android 16 VehicleProperty.aidl (按功能名交叉核验),Vehicle.Cabin.Door.Window.Position,4,INFO_FUEL_DOOR_LOCATION; FUEL_DOOR_OPEN; DOOR_POS; DOOR_MOVE; DOOR_LOCK; DOOR_CHILD_LOCK_ENABLED; WINDOW_POS; WINDOW_MOVE; WINDOW_LOCK; GLOVE_BOX_DOOR_POS,缺失候选,,否,否,是,否/待审
VCC-075,SWITCH_MODE WINDOW Switch,SWITCH_MODE,WINDOW,按官方路径区域归并,枚举,CLOSE; INACTIVE; ONE_SHOT_CLOSE; ONE_SHOT_OPEN; OPEN,Vehicle.Cabin.Door.Row1.DriverSide.Window.Switch; Vehicle.Cabin.Door.Row1.PassengerSide.Window.Switch; Vehicle.Cabin.Door.Row2.DriverSide.Window.Switch; Vehicle.Cabin.Door.Row2.PassengerSide.Window.Switch,actuator,string,,"Switch controlling sliding action such as window, sunroof, or blind.",Android VHAL Android 16 VehicleProperty.aidl (按功能名交叉核验),Vehicle.Cabin.Door.Window.Switch,4,INFO_FUEL_DOOR_LOCATION; FUEL_DOOR_OPEN; DOOR_POS; DOOR_MOVE; DOOR_LOCK; DOOR_CHILD_LOCK_ENABLED; WINDOW_POS; WINDOW_MOVE; WINDOW_LOCK; GLOVE_BOX_DOOR_POS,疑似重复,HEADLIGHT_SET_MODE; WIPER_SET_MODE,是,是,是,否/待审
VCC-076,TURN_ON HVAC 开启,TURN_ON,HVAC,按官方路径区域归并,布尔,,Vehicle.Cabin.HVAC.IsAirConditioningActive,actuator,boolean,,Is Air conditioning active.,Android VHAL Android 16 VehicleProperty.aidl (按功能名交叉核验),Vehicle.Cabin.HVAC.IsAirConditioningActive,1,HVAC_FAN_SPEED; HVAC_FAN_DIRECTION; HVAC_TEMPERATURE_CURRENT; HVAC_TEMPERATURE_SET; HVAC_DEFROSTER; HVAC_AC_ON; HVAC_MAX_AC_ON; HVAC_MAX_DEFROST_ON; HVAC_RECIRC_ON; HVAC_DUAL_ON; HVAC_AUTO_ON; HVAC_SEAT_TEMPERATURE; HVAC_SIDE_MIRROR_HEAT; HVAC_STEERING_WHEEL_HEAT; HVAC_TEMPERATURE_DISPLAY_UNITS; HVAC_ACTUAL_FAN_SPEED_RPM; HVAC_POWER_ON; HVAC_FAN_DIRECTION_AVAILABLE; HVAC_AUTO_RECIRC_ON; HVAC_SEAT_VENTILATION; HVAC_ELECTRIC_DEFROSTER_ON; HVAC_TEMPERATURE_VALUE_SUGGESTION,已覆盖-正式,DEFROST_ON,是,否,保持现有映射,是
VCC-077,TURN_OFF HVAC 关闭,TURN_OFF,HVAC,按官方路径区域归并,布尔,,Vehicle.Cabin.HVAC.IsAirConditioningActive,actuator,boolean,,Is Air conditioning active.,Android VHAL Android 16 VehicleProperty.aidl (按功能名交叉核验),Vehicle.Cabin.HVAC.IsAirConditioningActive,1,HVAC_FAN_SPEED; HVAC_FAN_DIRECTION; HVAC_TEMPERATURE_CURRENT; HVAC_TEMPERATURE_SET; HVAC_DEFROSTER; HVAC_AC_ON; HVAC_MAX_AC_ON; HVAC_MAX_DEFROST_ON; HVAC_RECIRC_ON; HVAC_DUAL_ON; HVAC_AUTO_ON; HVAC_SEAT_TEMPERATURE; HVAC_SIDE_MIRROR_HEAT; HVAC_STEERING_WHEEL_HEAT; HVAC_TEMPERATURE_DISPLAY_UNITS; HVAC_ACTUAL_FAN_SPEED_RPM; HVAC_POWER_ON; HVAC_FAN_DIRECTION_AVAILABLE; HVAC_AUTO_RECIRC_ON; HVAC_SEAT_VENTILATION; HVAC_ELECTRIC_DEFROSTER_ON; HVAC_TEMPERATURE_VALUE_SUGGESTION,已覆盖-正式,DEFROST_OFF,是,否,保持现有映射,是
VCC-078,TURN_ON HVAC 开启,TURN_ON,HVAC,按官方路径区域归并,布尔,,Vehicle.Cabin.HVAC.IsFrontDefrosterActive,actuator,boolean,,Is front defroster active.,Android VHAL Android 16 VehicleProperty.aidl (按功能名交叉核验),Vehicle.Cabin.HVAC.IsFrontDefrosterActive,1,HVAC_FAN_SPEED; HVAC_FAN_DIRECTION; HVAC_TEMPERATURE_CURRENT; HVAC_TEMPERATURE_SET; HVAC_DEFROSTER; HVAC_AC_ON; HVAC_MAX_AC_ON; HVAC_MAX_DEFROST_ON; HVAC_RECIRC_ON; HVAC_DUAL_ON; HVAC_AUTO_ON; HVAC_SEAT_TEMPERATURE; HVAC_SIDE_MIRROR_HEAT; HVAC_STEERING_WHEEL_HEAT; HVAC_TEMPERATURE_DISPLAY_UNITS; HVAC_ACTUAL_FAN_SPEED_RPM; HVAC_POWER_ON; HVAC_FAN_DIRECTION_AVAILABLE; HVAC_AUTO_RECIRC_ON; HVAC_SEAT_VENTILATION; HVAC_ELECTRIC_DEFROSTER_ON; HVAC_TEMPERATURE_VALUE_SUGGESTION,已覆盖-正式,DEFROST_ON,是,否,保持现有映射,是
VCC-079,TURN_OFF HVAC 关闭,TURN_OFF,HVAC,按官方路径区域归并,布尔,,Vehicle.Cabin.HVAC.IsFrontDefrosterActive,actuator,boolean,,Is front defroster active.,Android VHAL Android 16 VehicleProperty.aidl (按功能名交叉核验),Vehicle.Cabin.HVAC.IsFrontDefrosterActive,1,HVAC_FAN_SPEED; HVAC_FAN_DIRECTION; HVAC_TEMPERATURE_CURRENT; HVAC_TEMPERATURE_SET; HVAC_DEFROSTER; HVAC_AC_ON; HVAC_MAX_AC_ON; HVAC_MAX_DEFROST_ON; HVAC_RECIRC_ON; HVAC_DUAL_ON; HVAC_AUTO_ON; HVAC_SEAT_TEMPERATURE; HVAC_SIDE_MIRROR_HEAT; HVAC_STEERING_WHEEL_HEAT; HVAC_TEMPERATURE_DISPLAY_UNITS; HVAC_ACTUAL_FAN_SPEED_RPM; HVAC_POWER_ON; HVAC_FAN_DIRECTION_AVAILABLE; HVAC_AUTO_RECIRC_ON; HVAC_SEAT_VENTILATION; HVAC_ELECTRIC_DEFROSTER_ON; HVAC_TEMPERATURE_VALUE_SUGGESTION,已覆盖-正式,DEFROST_OFF,是,否,保持现有映射,是
VCC-080,TURN_ON HVAC 开启,TURN_ON,HVAC,按官方路径区域归并,布尔,,Vehicle.Cabin.HVAC.IsRearDefrosterActive,actuator,boolean,,Is rear defroster active.,Android VHAL Android 16 VehicleProperty.aidl (按功能名交叉核验),Vehicle.Cabin.HVAC.IsRearDefrosterActive,1,HVAC_FAN_SPEED; HVAC_FAN_DIRECTION; HVAC_TEMPERATURE_CURRENT; HVAC_TEMPERATURE_SET; HVAC_DEFROSTER; HVAC_AC_ON; HVAC_MAX_AC_ON; HVAC_MAX_DEFROST_ON; HVAC_RECIRC_ON; HVAC_DUAL_ON; HVAC_AUTO_ON; HVAC_SEAT_TEMPERATURE; HVAC_SIDE_MIRROR_HEAT; HVAC_STEERING_WHEEL_HEAT; HVAC_TEMPERATURE_DISPLAY_UNITS; HVAC_ACTUAL_FAN_SPEED_RPM; HVAC_POWER_ON; HVAC_FAN_DIRECTION_AVAILABLE; HVAC_AUTO_RECIRC_ON; HVAC_SEAT_VENTILATION; HVAC_ELECTRIC_DEFROSTER_ON; HVAC_TEMPERATURE_VALUE_SUGGESTION,已覆盖-正式,DEFROST_ON,是,否,保持现有映射,是
VCC-081,TURN_OFF HVAC 关闭,TURN_OFF,HVAC,按官方路径区域归并,布尔,,Vehicle.Cabin.HVAC.IsRearDefrosterActive,actuator,boolean,,Is rear defroster active.,Android VHAL Android 16 VehicleProperty.aidl (按功能名交叉核验),Vehicle.Cabin.HVAC.IsRearDefrosterActive,1,HVAC_FAN_SPEED; HVAC_FAN_DIRECTION; HVAC_TEMPERATURE_CURRENT; HVAC_TEMPERATURE_SET; HVAC_DEFROSTER; HVAC_AC_ON; HVAC_MAX_AC_ON; HVAC_MAX_DEFROST_ON; HVAC_RECIRC_ON; HVAC_DUAL_ON; HVAC_AUTO_ON; HVAC_SEAT_TEMPERATURE; HVAC_SIDE_MIRROR_HEAT; HVAC_STEERING_WHEEL_HEAT; HVAC_TEMPERATURE_DISPLAY_UNITS; HVAC_ACTUAL_FAN_SPEED_RPM; HVAC_POWER_ON; HVAC_FAN_DIRECTION_AVAILABLE; HVAC_AUTO_RECIRC_ON; HVAC_SEAT_VENTILATION; HVAC_ELECTRIC_DEFROSTER_ON; HVAC_TEMPERATURE_VALUE_SUGGESTION,已覆盖-正式,DEFROST_OFF,是,否,保持现有映射,是
VCC-082,TURN_ON HVAC 开启,TURN_ON,HVAC,按官方路径区域归并,布尔,,Vehicle.Cabin.HVAC.IsRecirculationActive,actuator,boolean,,Is recirculation active.,Android VHAL Android 16 VehicleProperty.aidl (按功能名交叉核验),Vehicle.Cabin.HVAC.IsRecirculationActive,1,HVAC_FAN_SPEED; HVAC_FAN_DIRECTION; HVAC_TEMPERATURE_CURRENT; HVAC_TEMPERATURE_SET; HVAC_DEFROSTER; HVAC_AC_ON; HVAC_MAX_AC_ON; HVAC_MAX_DEFROST_ON; HVAC_RECIRC_ON; HVAC_DUAL_ON; HVAC_AUTO_ON; HVAC_SEAT_TEMPERATURE; HVAC_SIDE_MIRROR_HEAT; HVAC_STEERING_WHEEL_HEAT; HVAC_TEMPERATURE_DISPLAY_UNITS; HVAC_ACTUAL_FAN_SPEED_RPM; HVAC_POWER_ON; HVAC_FAN_DIRECTION_AVAILABLE; HVAC_AUTO_RECIRC_ON; HVAC_SEAT_VENTILATION; HVAC_ELECTRIC_DEFROSTER_ON; HVAC_TEMPERATURE_VALUE_SUGGESTION,已覆盖-正式,DEFROST_ON,是,否,保持现有映射,是
VCC-083,TURN_OFF HVAC 关闭,TURN_OFF,HVAC,按官方路径区域归并,布尔,,Vehicle.Cabin.HVAC.IsRecirculationActive,actuator,boolean,,Is recirculation active.,Android VHAL Android 16 VehicleProperty.aidl (按功能名交叉核验),Vehicle.Cabin.HVAC.IsRecirculationActive,1,HVAC_FAN_SPEED; HVAC_FAN_DIRECTION; HVAC_TEMPERATURE_CURRENT; HVAC_TEMPERATURE_SET; HVAC_DEFROSTER; HVAC_AC_ON; HVAC_MAX_AC_ON; HVAC_MAX_DEFROST_ON; HVAC_RECIRC_ON; HVAC_DUAL_ON; HVAC_AUTO_ON; HVAC_SEAT_TEMPERATURE; HVAC_SIDE_MIRROR_HEAT; HVAC_STEERING_WHEEL_HEAT; HVAC_TEMPERATURE_DISPLAY_UNITS; HVAC_ACTUAL_FAN_SPEED_RPM; HVAC_POWER_ON; HVAC_FAN_DIRECTION_AVAILABLE; HVAC_AUTO_RECIRC_ON; HVAC_SEAT_VENTILATION; HVAC_ELECTRIC_DEFROSTER_ON; HVAC_TEMPERATURE_VALUE_SUGGESTION,已覆盖-正式,DEFROST_OFF,是,否,保持现有映射,是
VCC-084,SET HVAC PowerOptimizeLevel,SET,HVAC,按官方路径区域归并,连续数值,0..10,Vehicle.Cabin.HVAC.PowerOptimizeLevel,actuator,uint8,,"Power optimization level for this branch/subsystem. A higher number indicates more aggressive power optimization. Level 0 indicates that all functionality is enabled, no power optimization enabled. Level 10 indicates most aggressive power optimization mode, only essential functionality enabled.",Android VHAL Android 16 VehicleProperty.aidl (按功能名交叉核验),Vehicle.Cabin.HVAC.PowerOptimizeLevel,1,HVAC_FAN_SPEED; HVAC_FAN_DIRECTION; HVAC_TEMPERATURE_CURRENT; HVAC_TEMPERATURE_SET; HVAC_DEFROSTER; HVAC_AC_ON; HVAC_MAX_AC_ON; HVAC_MAX_DEFROST_ON; HVAC_RECIRC_ON; HVAC_DUAL_ON; HVAC_AUTO_ON; HVAC_SEAT_TEMPERATURE; HVAC_SIDE_MIRROR_HEAT; HVAC_STEERING_WHEEL_HEAT; HVAC_TEMPERATURE_DISPLAY_UNITS; HVAC_ACTUAL_FAN_SPEED_RPM; HVAC_POWER_ON; HVAC_FAN_DIRECTION_AVAILABLE; HVAC_AUTO_RECIRC_ON; HVAC_SEAT_VENTILATION; HVAC_ELECTRIC_DEFROSTER_ON; HVAC_TEMPERATURE_VALUE_SUGGESTION,疑似重复,FRAGRANCE_SET_LEVEL; HVAC_SET_AIRFLOW_DIRECTION; HVAC_SET_FAN_SPEED; HVAC_SET_TEMPERATURE; SEAT_HEATING_SET_LEVEL; SEAT_MASSAGE_SET_LEVEL; SEAT_VENTILATION_SET_LEVEL,是,是,是,否/待审
VCC-085,SET_MODE HVAC AirDistribution,SET_MODE,HVAC,按官方路径区域归并,枚举,DOWN; MIDDLE; UP,Vehicle.Cabin.HVAC.Station.Row1.Driver.AirDistribution; Vehicle.Cabin.HVAC.Station.Row2.Driver.AirDistribution; Vehicle.Cabin.HVAC.Station.Row3.Driver.AirDistribution; Vehicle.Cabin.HVAC.Station.Row4.Driver.AirDistribution,actuator,string,,Direction of airstream,Android VHAL Android 16 VehicleProperty.aidl (按功能名交叉核验),Vehicle.Cabin.HVAC.Station.Driver.AirDistribution,4,HVAC_FAN_SPEED; HVAC_FAN_DIRECTION; HVAC_TEMPERATURE_CURRENT; HVAC_TEMPERATURE_SET; HVAC_DEFROSTER; HVAC_AC_ON; HVAC_MAX_AC_ON; HVAC_MAX_DEFROST_ON; HVAC_RECIRC_ON; HVAC_DUAL_ON; HVAC_AUTO_ON; HVAC_SEAT_TEMPERATURE; HVAC_SIDE_MIRROR_HEAT; HVAC_STEERING_WHEEL_HEAT; HVAC_TEMPERATURE_DISPLAY_UNITS; HVAC_ACTUAL_FAN_SPEED_RPM; HVAC_POWER_ON; HVAC_FAN_DIRECTION_AVAILABLE; HVAC_AUTO_RECIRC_ON; HVAC_SEAT_VENTILATION; HVAC_ELECTRIC_DEFROSTER_ON; HVAC_TEMPERATURE_VALUE_SUGGESTION,缺失候选,,否,否,是,否/待审
VCC-086,SET HVAC FanSpeed,SET,HVAC,按官方路径区域归并,连续数值,0..100,Vehicle.Cabin.HVAC.Station.Row1.Driver.FanSpeed; Vehicle.Cabin.HVAC.Station.Row2.Driver.FanSpeed; Vehicle.Cabin.HVAC.Station.Row3.Driver.FanSpeed; Vehicle.Cabin.HVAC.Station.Row4.Driver.FanSpeed,actuator,uint8,percent,"Fan Speed, 0 = off. 100 = max",Android VHAL Android 16 VehicleProperty.aidl (按功能名交叉核验),Vehicle.Cabin.HVAC.Station.Driver.FanSpeed,4,HVAC_FAN_SPEED; HVAC_FAN_DIRECTION; HVAC_TEMPERATURE_CURRENT; HVAC_TEMPERATURE_SET; HVAC_DEFROSTER; HVAC_AC_ON; HVAC_MAX_AC_ON; HVAC_MAX_DEFROST_ON; HVAC_RECIRC_ON; HVAC_DUAL_ON; HVAC_AUTO_ON; HVAC_SEAT_TEMPERATURE; HVAC_SIDE_MIRROR_HEAT; HVAC_STEERING_WHEEL_HEAT; HVAC_TEMPERATURE_DISPLAY_UNITS; HVAC_ACTUAL_FAN_SPEED_RPM; HVAC_POWER_ON; HVAC_FAN_DIRECTION_AVAILABLE; HVAC_AUTO_RECIRC_ON; HVAC_SEAT_VENTILATION; HVAC_ELECTRIC_DEFROSTER_ON; HVAC_TEMPERATURE_VALUE_SUGGESTION,已覆盖-正式,CRUISE_SET_SPEED,是,否,保持现有映射,是
VCC-087,SET HVAC Temperature,SET,HVAC,按官方路径区域归并,连续数值,,Vehicle.Cabin.HVAC.Station.Row1.Driver.Temperature; Vehicle.Cabin.HVAC.Station.Row2.Driver.Temperature; Vehicle.Cabin.HVAC.Station.Row3.Driver.Temperature; Vehicle.Cabin.HVAC.Station.Row4.Driver.Temperature,actuator,float,Celsius,Temperature,Android VHAL Android 16 VehicleProperty.aidl (按功能名交叉核验),Vehicle.Cabin.HVAC.Station.Driver.Temperature,4,HVAC_FAN_SPEED; HVAC_FAN_DIRECTION; HVAC_TEMPERATURE_CURRENT; HVAC_TEMPERATURE_SET; HVAC_DEFROSTER; HVAC_AC_ON; HVAC_MAX_AC_ON; HVAC_MAX_DEFROST_ON; HVAC_RECIRC_ON; HVAC_DUAL_ON; HVAC_AUTO_ON; HVAC_SEAT_TEMPERATURE; HVAC_SIDE_MIRROR_HEAT; HVAC_STEERING_WHEEL_HEAT; HVAC_TEMPERATURE_DISPLAY_UNITS; HVAC_ACTUAL_FAN_SPEED_RPM; HVAC_POWER_ON; HVAC_FAN_DIRECTION_AVAILABLE; HVAC_AUTO_RECIRC_ON; HVAC_SEAT_VENTILATION; HVAC_ELECTRIC_DEFROSTER_ON; HVAC_TEMPERATURE_VALUE_SUGGESTION,疑似重复,HVAC_SET_AIRFLOW_DIRECTION; HVAC_SET_FAN_SPEED; HVAC_SET_TEMPERATURE; REFRIGERATOR_SET_TEMPERATURE,是,是,是,否/待审
VCC-088,SET_MODE HVAC AirDistribution,SET_MODE,HVAC,按官方路径区域归并,枚举,DOWN; MIDDLE; UP,Vehicle.Cabin.HVAC.Station.Row1.Passenger.AirDistribution; Vehicle.Cabin.HVAC.Station.Row2.Passenger.AirDistribution; Vehicle.Cabin.HVAC.Station.Row3.Passenger.AirDistribution; Vehicle.Cabin.HVAC.Station.Row4.Passenger.AirDistribution,actuator,string,,Direction of airstream,Android VHAL Android 16 VehicleProperty.aidl (按功能名交叉核验),Vehicle.Cabin.HVAC.Station.Passenger.AirDistribution,4,HVAC_FAN_SPEED; HVAC_FAN_DIRECTION; HVAC_TEMPERATURE_CURRENT; HVAC_TEMPERATURE_SET; HVAC_DEFROSTER; HVAC_AC_ON; HVAC_MAX_AC_ON; HVAC_MAX_DEFROST_ON; HVAC_RECIRC_ON; HVAC_DUAL_ON; HVAC_AUTO_ON; HVAC_SEAT_TEMPERATURE; HVAC_SIDE_MIRROR_HEAT; HVAC_STEERING_WHEEL_HEAT; HVAC_TEMPERATURE_DISPLAY_UNITS; HVAC_ACTUAL_FAN_SPEED_RPM; HVAC_POWER_ON; HVAC_FAN_DIRECTION_AVAILABLE; HVAC_AUTO_RECIRC_ON; HVAC_SEAT_VENTILATION; HVAC_ELECTRIC_DEFROSTER_ON; HVAC_TEMPERATURE_VALUE_SUGGESTION,缺失候选,,否,否,是,否/待审
VCC-089,SET HVAC FanSpeed,SET,HVAC,按官方路径区域归并,连续数值,0..100,Vehicle.Cabin.HVAC.Station.Row1.Passenger.FanSpeed; Vehicle.Cabin.HVAC.Station.Row2.Passenger.FanSpeed; Vehicle.Cabin.HVAC.Station.Row3.Passenger.FanSpeed; Vehicle.Cabin.HVAC.Station.Row4.Passenger.FanSpeed,actuator,uint8,percent,"Fan Speed, 0 = off. 100 = max",Android VHAL Android 16 VehicleProperty.aidl (按功能名交叉核验),Vehicle.Cabin.HVAC.Station.Passenger.FanSpeed,4,HVAC_FAN_SPEED; HVAC_FAN_DIRECTION; HVAC_TEMPERATURE_CURRENT; HVAC_TEMPERATURE_SET; HVAC_DEFROSTER; HVAC_AC_ON; HVAC_MAX_AC_ON; HVAC_MAX_DEFROST_ON; HVAC_RECIRC_ON; HVAC_DUAL_ON; HVAC_AUTO_ON; HVAC_SEAT_TEMPERATURE; HVAC_SIDE_MIRROR_HEAT; HVAC_STEERING_WHEEL_HEAT; HVAC_TEMPERATURE_DISPLAY_UNITS; HVAC_ACTUAL_FAN_SPEED_RPM; HVAC_POWER_ON; HVAC_FAN_DIRECTION_AVAILABLE; HVAC_AUTO_RECIRC_ON; HVAC_SEAT_VENTILATION; HVAC_ELECTRIC_DEFROSTER_ON; HVAC_TEMPERATURE_VALUE_SUGGESTION,已覆盖-正式,CRUISE_SET_SPEED,是,否,保持现有映射,是
VCC-090,SET HVAC Temperature,SET,HVAC,按官方路径区域归并,连续数值,,Vehicle.Cabin.HVAC.Station.Row1.Passenger.Temperature; Vehicle.Cabin.HVAC.Station.Row2.Passenger.Temperature; Vehicle.Cabin.HVAC.Station.Row3.Passenger.Temperature; Vehicle.Cabin.HVAC.Station.Row4.Passenger.Temperature,actuator,float,Celsius,Temperature,Android VHAL Android 16 VehicleProperty.aidl (按功能名交叉核验),Vehicle.Cabin.HVAC.Station.Passenger.Temperature,4,HVAC_FAN_SPEED; HVAC_FAN_DIRECTION; HVAC_TEMPERATURE_CURRENT; HVAC_TEMPERATURE_SET; HVAC_DEFROSTER; HVAC_AC_ON; HVAC_MAX_AC_ON; HVAC_MAX_DEFROST_ON; HVAC_RECIRC_ON; HVAC_DUAL_ON; HVAC_AUTO_ON; HVAC_SEAT_TEMPERATURE; HVAC_SIDE_MIRROR_HEAT; HVAC_STEERING_WHEEL_HEAT; HVAC_TEMPERATURE_DISPLAY_UNITS; HVAC_ACTUAL_FAN_SPEED_RPM; HVAC_POWER_ON; HVAC_FAN_DIRECTION_AVAILABLE; HVAC_AUTO_RECIRC_ON; HVAC_SEAT_VENTILATION; HVAC_ELECTRIC_DEFROSTER_ON; HVAC_TEMPERATURE_VALUE_SUGGESTION,疑似重复,HVAC_SET_AIRFLOW_DIRECTION; HVAC_SET_FAN_SPEED; HVAC_SET_TEMPERATURE; REFRIGERATOR_SET_TEMPERATURE,是,是,是,否/待审
VCC-091,SET Infotainment Brightness,SET,Infotainment,按官方路径区域归并,连续数值,0..100,Vehicle.Cabin.Infotainment.HMI.Brightness,actuator,float,percent,"Brightness of the HMI, relative to supported range. 0 = Lowest brightness possible. 100 = Maximum Brightness possible.",Android VHAL Android 16 VehicleProperty.aidl (按功能名交叉核验),Vehicle.Cabin.Infotainment.HMI.Brightness,1,,疑似重复,AMBIENT_LIGHT_SET_BRIGHTNESS; DISPLAY_SET_BRIGHTNESS; READING_LIGHT_SET_BRIGHTNESS; INTERIOR_LIGHT_SET_BRIGHTNESS,是,是,是,否/待审
VCC-092,SET_MODE Infotainment DateFormat,SET_MODE,Infotainment,按官方路径区域归并,枚举,DD_MM_YY; DD_MM_YYYY; MM_DD_YY; MM_DD_YYYY; YYYY_MM_DD; YY_MM_DD,Vehicle.Cabin.Infotainment.HMI.DateFormat,actuator,string,,Date format used in the current HMI,Android VHAL Android 16 VehicleProperty.aidl (按功能名交叉核验),Vehicle.Cabin.Infotainment.HMI.DateFormat,1,,缺失候选,,否,否,是,否/待审
VCC-093,SET_MODE Infotainment DayNightMode,SET_MODE,Infotainment,按官方路径区域归并,枚举,DAY; NIGHT,Vehicle.Cabin.Infotainment.HMI.DayNightMode,actuator,string,,Current display theme,Android VHAL Android 16 VehicleProperty.aidl (按功能名交叉核验),Vehicle.Cabin.Infotainment.HMI.DayNightMode,1,,缺失候选,,否,否,是,否/待审
VCC-094,SET Infotainment DisplayOffDuration,SET,Infotainment,按官方路径区域归并,连续数值,,Vehicle.Cabin.Infotainment.HMI.DisplayOffDuration,actuator,uint16,s,Duration in seconds before the display is turned off. Value shall be 0 if screen never shall turn off.,Android VHAL Android 16 VehicleProperty.aidl (按功能名交叉核验),Vehicle.Cabin.Infotainment.HMI.DisplayOffDuration,1,,已覆盖-已知,DISPLAY_SET_BRIGHTNESS,是,否,保持现有映射,否/待审
VCC-095,SET_MODE Infotainment DistanceUnit,SET_MODE,Infotainment,按官方路径区域归并,枚举,KILOMETERS; MILES,Vehicle.Cabin.Infotainment.HMI.DistanceUnit,actuator,string,,Distance unit used in the current HMI,Android VHAL Android 16 VehicleProperty.aidl (按功能名交叉核验),Vehicle.Cabin.Infotainment.HMI.DistanceUnit,1,,缺失候选,,否,否,是,否/待审
VCC-096,SET_MODE Infotainment EVEconomyUnits,SET_MODE,Infotainment,按官方路径区域归并,枚举,KILOMETERS_PER_KILOWATT_HOUR; KILOWATT_HOURS_PER_100_KILOMETERS; KILOWATT_HOURS_PER_100_MILES; MILES_PER_KILOWATT_HOUR; WATT_HOURS_PER_KILOMETER; WATT_HOURS_PER_MILE,Vehicle.Cabin.Infotainment.HMI.EVEconomyUnits,actuator,string,,EV fuel economy unit used in the current HMI,Android VHAL Android 16 VehicleProperty.aidl (按功能名交叉核验),Vehicle.Cabin.Infotainment.HMI.EVEconomyUnits,1,,缺失候选,,否,否,是,否/待审
VCC-097,SET_MODE Infotainment EVEnergyUnits,SET_MODE,Infotainment,按官方路径区域归并,枚举,AMPERE_HOURS; KILOWATT_HOURS; WATT_HOURS,Vehicle.Cabin.Infotainment.HMI.EVEnergyUnits,actuator,string,,EV energy unit used in the current HMI,Android VHAL Android 16 VehicleProperty.aidl (按功能名交叉核验),Vehicle.Cabin.Infotainment.HMI.EVEnergyUnits,1,,缺失候选,,否,否,是,否/待审
VCC-098,SET_MODE Infotainment FontSize,SET_MODE,Infotainment,按官方路径区域归并,枚举,EXTRA_LARGE; LARGE; STANDARD,Vehicle.Cabin.Infotainment.HMI.FontSize,actuator,string,,Font size used in the current HMI,Android VHAL Android 16 VehicleProperty.aidl (按功能名交叉核验),Vehicle.Cabin.Infotainment.HMI.FontSize,1,,缺失候选,,否,否,是,否/待审
VCC-099,SET_MODE Infotainment FuelEconomyUnits,SET_MODE,Infotainment,按官方路径区域归并,枚举,KILOMETERS_PER_LITER; LITERS_PER_100_KILOMETERS; MILES_PER_LITER; MPG_UK; MPG_US,Vehicle.Cabin.Infotainment.HMI.FuelEconomyUnits,actuator,string,,Fuel economy unit used in the current HMI,Android VHAL Android 16 VehicleProperty.aidl (按功能名交叉核验),Vehicle.Cabin.Infotainment.HMI.FuelEconomyUnits,1,,缺失候选,,否,否,是,否/待审
VCC-100,SET_MODE Infotainment FuelVolumeUnit,SET_MODE,Infotainment,按官方路径区域归并,枚举,GALLON_UK; GALLON_US; LITER,Vehicle.Cabin.Infotainment.HMI.FuelVolumeUnit,actuator,string,,Fuel volume unit used in the current HMI,Android VHAL Android 16 VehicleProperty.aidl (按功能名交叉核验),Vehicle.Cabin.Infotainment.HMI.FuelVolumeUnit,1,,缺失候选,,否,否,是,否/待审
VCC-101,SET_MODE Infotainment SpeedUnit,SET_MODE,Infotainment,按官方路径区域归并,枚举,KILOMETERS_PER_HOUR; METERS_PER_SECOND; MILES_PER_HOUR,Vehicle.Cabin.Infotainment.HMI.SpeedUnit,actuator,string,,Speed unit used in the current HMI,Android VHAL Android 16 VehicleProperty.aidl (按功能名交叉核验),Vehicle.Cabin.Infotainment.HMI.SpeedUnit,1,,缺失候选,,否,否,是,否/待审
VCC-102,SET_MODE Infotainment TemperatureUnit,SET_MODE,Infotainment,按官方路径区域归并,枚举,C; F,Vehicle.Cabin.Infotainment.HMI.TemperatureUnit,actuator,string,,Temperature unit used in the current HMI,Android VHAL Android 16 VehicleProperty.aidl (按功能名交叉核验),Vehicle.Cabin.Infotainment.HMI.TemperatureUnit,1,,缺失候选,,否,否,是,否/待审
VCC-103,SET_MODE Infotainment TimeFormat,SET_MODE,Infotainment,按官方路径区域归并,枚举,HR_12; HR_24,Vehicle.Cabin.Infotainment.HMI.TimeFormat,actuator,string,,Time format used in the current HMI,Android VHAL Android 16 VehicleProperty.aidl (按功能名交叉核验),Vehicle.Cabin.Infotainment.HMI.TimeFormat,1,,缺失候选,,否,否,是,否/待审
VCC-104,SET_MODE Infotainment TirePressureUnit,SET_MODE,Infotainment,按官方路径区域归并,枚举,BAR; KPA; PSI,Vehicle.Cabin.Infotainment.HMI.TirePressureUnit,actuator,string,,Tire pressure unit used in the current HMI,Android VHAL Android 16 VehicleProperty.aidl (按功能名交叉核验),Vehicle.Cabin.Infotainment.HMI.TirePressureUnit,1,,缺失候选,,否,否,是,否/待审
VCC-105,SET_MODE Infotainment Action,SET_MODE,Infotainment,按官方路径区域归并,枚举,FAST_BACKWARD; FAST_FORWARD; PLAY; SKIP_BACKWARD; SKIP_FORWARD; STOP; UNKNOWN,Vehicle.Cabin.Infotainment.Media.Action,actuator,string,,Tells if the media was,Android VHAL Android 16 VehicleProperty.aidl (按功能名交叉核验),Vehicle.Cabin.Infotainment.Media.Action,1,,缺失候选,,否,否,是,否/待审
VCC-106,SET Infotainment PlaybackRate,SET,Infotainment,按官方路径区域归并,连续数值,,Vehicle.Cabin.Infotainment.Media.Played.PlaybackRate,actuator,float,,Current playback rate of media being played.,Android VHAL Android 16 VehicleProperty.aidl (按功能名交叉核验),Vehicle.Cabin.Infotainment.Media.Played.PlaybackRate,1,,已覆盖-已知,MEDIA_VOLUME_SET,是,否,保持现有映射,否/待审
VCC-107,SET_MODE Infotainment Source,SET_MODE,Infotainment,按官方路径区域归并,枚举,AM; AUX; BEEP; BLUETOOTH; CD; DAB; DISK; DVD; FM; INTERNET; SIRIUS_XM; TV; UNKNOWN; USB; VOICE,Vehicle.Cabin.Infotainment.Media.Played.Source,actuator,string,,Media selected for playback,Android VHAL Android 16 VehicleProperty.aidl (按功能名交叉核验),Vehicle.Cabin.Infotainment.Media.Played.Source,1,,缺失候选,,否,否,是,否/待审
VCC-108,SET_MODE Infotainment SelectedURI,SET_MODE,Infotainment,按官方路径区域归并,枚举,,Vehicle.Cabin.Infotainment.Media.SelectedURI,actuator,string,,URI of suggested media that was selected,Android VHAL Android 16 VehicleProperty.aidl (按功能名交叉核验),Vehicle.Cabin.Infotainment.Media.SelectedURI,1,,缺失候选,,否,否,是,否/待审
VCC-109,SET Infotainment Volume,SET,Infotainment,按官方路径区域归并,连续数值,0..100,Vehicle.Cabin.Infotainment.Media.Volume,actuator,uint8,percent,Current Media Volume,Android VHAL Android 16 VehicleProperty.aidl (按功能名交叉核验),Vehicle.Cabin.Infotainment.Media.Volume,1,,已覆盖-已知,MEDIA_VOLUME_SET,是,否,保持现有映射,否/待审
VCC-110,SET Infotainment Latitude,SET,Infotainment,按官方路径区域归并,连续数值,-90..90,Vehicle.Cabin.Infotainment.Navigation.DestinationSet.Latitude,actuator,double,degrees,Latitude of destination in WGS 84 geodetic coordinates.,Android VHAL Android 16 VehicleProperty.aidl (按功能名交叉核验),Vehicle.Cabin.Infotainment.Navigation.DestinationSet.Latitude,1,,缺失候选,,否,否,是,否/待审
VCC-111,SET Infotainment Longitude,SET,Infotainment,按官方路径区域归并,连续数值,-180..180,Vehicle.Cabin.Infotainment.Navigation.DestinationSet.Longitude,actuator,double,degrees,Longitude of destination in WGS 84 geodetic coordinates.,Android VHAL Android 16 VehicleProperty.aidl (按功能名交叉核验),Vehicle.Cabin.Infotainment.Navigation.DestinationSet.Longitude,1,,缺失候选,,否,否,是,否/待审
VCC-112,SET_MODE Infotainment GuidanceVoice,SET_MODE,Infotainment,按官方路径区域归并,枚举,ETC; STANDARD_FEMALE; STANDARD_MALE,Vehicle.Cabin.Infotainment.Navigation.GuidanceVoice,actuator,string,,Navigation guidance state that was selected.,Android VHAL Android 16 VehicleProperty.aidl (按功能名交叉核验),Vehicle.Cabin.Infotainment.Navigation.GuidanceVoice,1,,缺失候选,,否,否,是,否/待审
VCC-113,SET_MODE Infotainment Mute,SET_MODE,Infotainment,按官方路径区域归并,枚举,ALERT_ONLY; MUTED; UNMUTED,Vehicle.Cabin.Infotainment.Navigation.Mute,actuator,string,,Navigation mute state that was selected.,Android VHAL Android 16 VehicleProperty.aidl (按功能名交叉核验),Vehicle.Cabin.Infotainment.Navigation.Mute,1,,缺失候选,,否,否,是,否/待审
VCC-114,SET Infotainment Volume,SET,Infotainment,按官方路径区域归并,连续数值,0..100,Vehicle.Cabin.Infotainment.Navigation.Volume,actuator,uint8,percent,Current navigation volume,Android VHAL Android 16 VehicleProperty.aidl (按功能名交叉核验),Vehicle.Cabin.Infotainment.Navigation.Volume,1,,已覆盖-已知,MEDIA_VOLUME_SET,是,否,保持现有映射,否/待审
VCC-115,SET Infotainment PowerOptimizeLevel,SET,Infotainment,按官方路径区域归并,连续数值,0..10,Vehicle.Cabin.Infotainment.PowerOptimizeLevel,actuator,uint8,,"Power optimization level for this branch/subsystem. A higher number indicates more aggressive power optimization. Level 0 indicates that all functionality is enabled, no power optimization enabled. Level 10 indicates most aggressive power optimization mode, only essential functionality enabled.",Android VHAL Android 16 VehicleProperty.aidl (按功能名交叉核验),Vehicle.Cabin.Infotainment.PowerOptimizeLevel,1,,疑似重复,FRAGRANCE_SET_LEVEL; SEAT_HEATING_SET_LEVEL; SEAT_MASSAGE_SET_LEVEL; SEAT_VENTILATION_SET_LEVEL,是,是,是,否/待审
VCC-116,SET_MODE Infotainment Active,SET_MODE,Infotainment,按官方路径区域归并,枚举,ACTIVE; INACTIVE; NONE,Vehicle.Cabin.Infotainment.SmartphoneProjection.Active,actuator,string,,Projection activation info.,Android VHAL Android 16 VehicleProperty.aidl (按功能名交叉核验),Vehicle.Cabin.Infotainment.SmartphoneProjection.Active,1,,缺失候选,,否,否,是,否/待审
VCC-117,SET_MODE Infotainment Source,SET_MODE,Infotainment,按官方路径区域归并,枚举,BLUETOOTH; USB; WIFI,Vehicle.Cabin.Infotainment.SmartphoneProjection.Source,actuator,string,,Connectivity source selected for projection.,Android VHAL Android 16 VehicleProperty.aidl (按功能名交叉核验),Vehicle.Cabin.Infotainment.SmartphoneProjection.Source,1,,缺失候选,,否,否,是,否/待审
VCC-118,SET_MODE MIRROR Active,SET_MODE,MIRROR,按官方路径区域归并,枚举,ACTIVE; INACTIVE; NONE,Vehicle.Cabin.Infotainment.SmartphoneScreenMirroring.Active,actuator,string,,Mirroring activation info.,Android VHAL Android 16 VehicleProperty.aidl (按功能名交叉核验),Vehicle.Cabin.Infotainment.SmartphoneScreenMirroring.Active,1,HVAC_SIDE_MIRROR_HEAT; MIRROR_Z_POS; MIRROR_Z_MOVE; MIRROR_Y_POS; MIRROR_Y_MOVE; MIRROR_LOCK; MIRROR_FOLD; MIRROR_AUTO_FOLD_ENABLED; MIRROR_AUTO_TILT_ENABLED,缺失候选,,否,否,是,否/待审
VCC-119,SET_MODE MIRROR Source,SET_MODE,MIRROR,按官方路径区域归并,枚举,BLUETOOTH; USB; WIFI,Vehicle.Cabin.Infotainment.SmartphoneScreenMirroring.Source,actuator,string,,Connectivity source selected for mirroring.,Android VHAL Android 16 VehicleProperty.aidl (按功能名交叉核验),Vehicle.Cabin.Infotainment.SmartphoneScreenMirroring.Source,1,HVAC_SIDE_MIRROR_HEAT; MIRROR_Z_POS; MIRROR_Z_MOVE; MIRROR_Y_POS; MIRROR_Y_MOVE; MIRROR_LOCK; MIRROR_FOLD; MIRROR_AUTO_FOLD_ENABLED; MIRROR_AUTO_TILT_ENABLED,缺失候选,,否,否,是,否/待审
VCC-120,ENABLE WINDOW 启用,ENABLE,WINDOW,按官方路径区域归并,布尔,,Vehicle.Cabin.IsWindowChildLockEngaged,actuator,boolean,,Is window child lock engaged. True = Engaged. False = Disengaged.,Android VHAL Android 16 VehicleProperty.aidl (按功能名交叉核验),Vehicle.Cabin.IsWindowChildLockEngaged,1,WINDOW_POS; WINDOW_MOVE; WINDOW_LOCK,缺失候选,,否,否,是,否/待审
VCC-121,DISABLE WINDOW 停用,DISABLE,WINDOW,按官方路径区域归并,布尔,,Vehicle.Cabin.IsWindowChildLockEngaged,actuator,boolean,,Is window child lock engaged. True = Engaged. False = Disengaged.,Android VHAL Android 16 VehicleProperty.aidl (按功能名交叉核验),Vehicle.Cabin.IsWindowChildLockEngaged,1,WINDOW_POS; WINDOW_MOVE; WINDOW_LOCK,缺失候选,,否,否,是,否/待审
VCC-122,SET_MODE Light Color,SET_MODE,Light,按官方路径区域归并,枚举,,Vehicle.Cabin.Light.AmbientLight.Row1.DriverSide.Color; Vehicle.Cabin.Light.AmbientLight.Row1.PassengerSide.Color; Vehicle.Cabin.Light.AmbientLight.Row2.DriverSide.Color; Vehicle.Cabin.Light.AmbientLight.Row2.PassengerSide.Color,actuator,string,,"Hexadecimal color code represented as a 3-byte RGB (i.e. Red, Green, and Blue) value preceded by a hash symbol ""#"". Allowed range ""#000000"" to ""#FFFFFF"".",Android VHAL Android 16 VehicleProperty.aidl (按功能名交叉核验),Vehicle.Cabin.Light.AmbientLight.Color,4,TURN_SIGNAL_LIGHT_STATE; SEAT_FOOTWELL_LIGHTS_STATE; SEAT_FOOTWELL_LIGHTS_SWITCH; HEADLIGHTS_STATE; HIGH_BEAM_LIGHTS_STATE; FOG_LIGHTS_STATE; HAZARD_LIGHTS_STATE; HEADLIGHTS_SWITCH; HIGH_BEAM_LIGHTS_SWITCH; FOG_LIGHTS_SWITCH; HAZARD_LIGHTS_SWITCH; CABIN_LIGHTS_STATE; CABIN_LIGHTS_SWITCH; READING_LIGHTS_STATE; READING_LIGHTS_SWITCH; STEERING_WHEEL_LIGHTS_STATE; STEERING_WHEEL_LIGHTS_SWITCH; FRONT_FOG_LIGHTS_STATE; FRONT_FOG_LIGHTS_SWITCH; REAR_FOG_LIGHTS_STATE; REAR_FOG_LIGHTS_SWITCH,缺失候选,,否,否,是,否/待审
VCC-123,SET Light Intensity,SET,Light,按官方路径区域归并,连续数值,1..100,Vehicle.Cabin.Light.AmbientLight.Row1.DriverSide.Intensity; Vehicle.Cabin.Light.AmbientLight.Row1.PassengerSide.Intensity; Vehicle.Cabin.Light.AmbientLight.Row2.DriverSide.Intensity; Vehicle.Cabin.Light.AmbientLight.Row2.PassengerSide.Intensity,actuator,uint8,percent,"How much of the maximum possible brightness of the light is used. 1 = Maximum attenuation, 100 = No attenuation (i.e. full brightness).",Android VHAL Android 16 VehicleProperty.aidl (按功能名交叉核验),Vehicle.Cabin.Light.AmbientLight.Intensity,4,TURN_SIGNAL_LIGHT_STATE; SEAT_FOOTWELL_LIGHTS_STATE; SEAT_FOOTWELL_LIGHTS_SWITCH; HEADLIGHTS_STATE; HIGH_BEAM_LIGHTS_STATE; FOG_LIGHTS_STATE; HAZARD_LIGHTS_STATE; HEADLIGHTS_SWITCH; HIGH_BEAM_LIGHTS_SWITCH; FOG_LIGHTS_SWITCH; HAZARD_LIGHTS_SWITCH; CABIN_LIGHTS_STATE; CABIN_LIGHTS_SWITCH; READING_LIGHTS_STATE; READING_LIGHTS_SWITCH; STEERING_WHEEL_LIGHTS_STATE; STEERING_WHEEL_LIGHTS_SWITCH; FRONT_FOG_LIGHTS_STATE; FRONT_FOG_LIGHTS_SWITCH; REAR_FOG_LIGHTS_STATE; REAR_FOG_LIGHTS_SWITCH,缺失候选,,否,否,是,否/待审
VCC-124,SET_MODE Light Color,SET_MODE,Light,按官方路径区域归并,枚举,,Vehicle.Cabin.Light.InteractiveLightBar.Color,actuator,string,,"Hexadecimal color code represented as a 3-byte RGB (i.e. Red, Green, and Blue) value preceded by a hash symbol ""#"". Allowed range ""#000000"" to ""#FFFFFF"".",Android VHAL Android 16 VehicleProperty.aidl (按功能名交叉核验),Vehicle.Cabin.Light.InteractiveLightBar.Color,1,TURN_SIGNAL_LIGHT_STATE; SEAT_FOOTWELL_LIGHTS_STATE; SEAT_FOOTWELL_LIGHTS_SWITCH; HEADLIGHTS_STATE; HIGH_BEAM_LIGHTS_STATE; FOG_LIGHTS_STATE; HAZARD_LIGHTS_STATE; HEADLIGHTS_SWITCH; HIGH_BEAM_LIGHTS_SWITCH; FOG_LIGHTS_SWITCH; HAZARD_LIGHTS_SWITCH; CABIN_LIGHTS_STATE; CABIN_LIGHTS_SWITCH; READING_LIGHTS_STATE; READING_LIGHTS_SWITCH; STEERING_WHEEL_LIGHTS_STATE; STEERING_WHEEL_LIGHTS_SWITCH; FRONT_FOG_LIGHTS_STATE; FRONT_FOG_LIGHTS_SWITCH; REAR_FOG_LIGHTS_STATE; REAR_FOG_LIGHTS_SWITCH,缺失候选,,否,否,是,否/待审
VCC-125,SET_MODE Light Effect,SET_MODE,Light,按官方路径区域归并,枚举,,Vehicle.Cabin.Light.InteractiveLightBar.Effect,actuator,string,,Light effect selection from a predefined set of allowed values.,Android VHAL Android 16 VehicleProperty.aidl (按功能名交叉核验),Vehicle.Cabin.Light.InteractiveLightBar.Effect,1,TURN_SIGNAL_LIGHT_STATE; SEAT_FOOTWELL_LIGHTS_STATE; SEAT_FOOTWELL_LIGHTS_SWITCH; HEADLIGHTS_STATE; HIGH_BEAM_LIGHTS_STATE; FOG_LIGHTS_STATE; HAZARD_LIGHTS_STATE; HEADLIGHTS_SWITCH; HIGH_BEAM_LIGHTS_SWITCH; FOG_LIGHTS_SWITCH; HAZARD_LIGHTS_SWITCH; CABIN_LIGHTS_STATE; CABIN_LIGHTS_SWITCH; READING_LIGHTS_STATE; READING_LIGHTS_SWITCH; STEERING_WHEEL_LIGHTS_STATE; STEERING_WHEEL_LIGHTS_SWITCH; FRONT_FOG_LIGHTS_STATE; FRONT_FOG_LIGHTS_SWITCH; REAR_FOG_LIGHTS_STATE; REAR_FOG_LIGHTS_SWITCH,缺失候选,,否,否,是,否/待审
VCC-126,SET Light Intensity,SET,Light,按官方路径区域归并,连续数值,1..100,Vehicle.Cabin.Light.InteractiveLightBar.Intensity,actuator,uint8,percent,"How much of the maximum possible brightness of the light is used. 1 = Maximum attenuation, 100 = No attenuation (i.e. full brightness).",Android VHAL Android 16 VehicleProperty.aidl (按功能名交叉核验),Vehicle.Cabin.Light.InteractiveLightBar.Intensity,1,TURN_SIGNAL_LIGHT_STATE; SEAT_FOOTWELL_LIGHTS_STATE; SEAT_FOOTWELL_LIGHTS_SWITCH; HEADLIGHTS_STATE; HIGH_BEAM_LIGHTS_STATE; FOG_LIGHTS_STATE; HAZARD_LIGHTS_STATE; HEADLIGHTS_SWITCH; HIGH_BEAM_LIGHTS_SWITCH; FOG_LIGHTS_SWITCH; HAZARD_LIGHTS_SWITCH; CABIN_LIGHTS_STATE; CABIN_LIGHTS_SWITCH; READING_LIGHTS_STATE; READING_LIGHTS_SWITCH; STEERING_WHEEL_LIGHTS_STATE; STEERING_WHEEL_LIGHTS_SWITCH; FRONT_FOG_LIGHTS_STATE; FRONT_FOG_LIGHTS_SWITCH; REAR_FOG_LIGHTS_STATE; REAR_FOG_LIGHTS_SWITCH,缺失候选,,否,否,是,否/待审
VCC-127,SET_MODE Light Color,SET_MODE,Light,按官方路径区域归并,枚举,,Vehicle.Cabin.Light.Spotlight.Row1.DriverSide.Color; Vehicle.Cabin.Light.Spotlight.Row1.PassengerSide.Color; Vehicle.Cabin.Light.Spotlight.Row2.DriverSide.Color; Vehicle.Cabin.Light.Spotlight.Row2.PassengerSide.Color; Vehicle.Cabin.Light.Spotlight.Row3.DriverSide.Color; Vehicle.Cabin.Light.Spotlight.Row3.PassengerSide.Color; Vehicle.Cabin.Light.Spotlight.Row4.DriverSide.Color; Vehicle.Cabin.Light.Spotlight.Row4.PassengerSide.Color,actuator,string,,"Hexadecimal color code represented as a 3-byte RGB (i.e. Red, Green, and Blue) value preceded by a hash symbol ""#"". Allowed range ""#000000"" to ""#FFFFFF"".",Android VHAL Android 16 VehicleProperty.aidl (按功能名交叉核验),Vehicle.Cabin.Light.Spotlight.Color,8,TURN_SIGNAL_LIGHT_STATE; SEAT_FOOTWELL_LIGHTS_STATE; SEAT_FOOTWELL_LIGHTS_SWITCH; HEADLIGHTS_STATE; HIGH_BEAM_LIGHTS_STATE; FOG_LIGHTS_STATE; HAZARD_LIGHTS_STATE; HEADLIGHTS_SWITCH; HIGH_BEAM_LIGHTS_SWITCH; FOG_LIGHTS_SWITCH; HAZARD_LIGHTS_SWITCH; CABIN_LIGHTS_STATE; CABIN_LIGHTS_SWITCH; READING_LIGHTS_STATE; READING_LIGHTS_SWITCH; STEERING_WHEEL_LIGHTS_STATE; STEERING_WHEEL_LIGHTS_SWITCH; FRONT_FOG_LIGHTS_STATE; FRONT_FOG_LIGHTS_SWITCH; REAR_FOG_LIGHTS_STATE; REAR_FOG_LIGHTS_SWITCH,缺失候选,,否,否,是,否/待审
VCC-128,SET Light Intensity,SET,Light,按官方路径区域归并,连续数值,1..100,Vehicle.Cabin.Light.Spotlight.Row1.DriverSide.Intensity; Vehicle.Cabin.Light.Spotlight.Row1.PassengerSide.Intensity; Vehicle.Cabin.Light.Spotlight.Row2.DriverSide.Intensity; Vehicle.Cabin.Light.Spotlight.Row2.PassengerSide.Intensity; Vehicle.Cabin.Light.Spotlight.Row3.DriverSide.Intensity; Vehicle.Cabin.Light.Spotlight.Row3.PassengerSide.Intensity; Vehicle.Cabin.Light.Spotlight.Row4.DriverSide.Intensity; Vehicle.Cabin.Light.Spotlight.Row4.PassengerSide.Intensity,actuator,uint8,percent,"How much of the maximum possible brightness of the light is used. 1 = Maximum attenuation, 100 = No attenuation (i.e. full brightness).",Android VHAL Android 16 VehicleProperty.aidl (按功能名交叉核验),Vehicle.Cabin.Light.Spotlight.Intensity,8,TURN_SIGNAL_LIGHT_STATE; SEAT_FOOTWELL_LIGHTS_STATE; SEAT_FOOTWELL_LIGHTS_SWITCH; HEADLIGHTS_STATE; HIGH_BEAM_LIGHTS_STATE; FOG_LIGHTS_STATE; HAZARD_LIGHTS_STATE; HEADLIGHTS_SWITCH; HIGH_BEAM_LIGHTS_SWITCH; FOG_LIGHTS_SWITCH; HAZARD_LIGHTS_SWITCH; CABIN_LIGHTS_STATE; CABIN_LIGHTS_SWITCH; READING_LIGHTS_STATE; READING_LIGHTS_SWITCH; STEERING_WHEEL_LIGHTS_STATE; STEERING_WHEEL_LIGHTS_SWITCH; FRONT_FOG_LIGHTS_STATE; FRONT_FOG_LIGHTS_SWITCH; REAR_FOG_LIGHTS_STATE; REAR_FOG_LIGHTS_SWITCH,缺失候选,,否,否,是,否/待审
VCC-129,SET PowerOptimizeLevel PowerOptimizeLevel,SET,PowerOptimizeLevel,按官方路径区域归并,连续数值,0..10,Vehicle.Cabin.PowerOptimizeLevel,actuator,uint8,,"Power optimization level for this branch/subsystem. A higher number indicates more aggressive power optimization. Level 0 indicates that all functionality is enabled, no power optimization enabled. Level 10 indicates most aggressive power optimization mode, only essential functionality enabled.",Android VHAL Android 16 VehicleProperty.aidl (按功能名交叉核验),Vehicle.Cabin.PowerOptimizeLevel,1,,疑似重复,FRAGRANCE_SET_LEVEL; SEAT_HEATING_SET_LEVEL; SEAT_MASSAGE_SET_LEVEL; SEAT_VENTILATION_SET_LEVEL,是,是,是,否/待审
VCC-130,OPEN SHADE 开,OPEN,SHADE,按官方路径区域归并,布尔,,Vehicle.Cabin.RearShade.IsOpen,actuator,boolean,,Is item open or closed? True = Fully or partially open. False = Fully closed.,Android VHAL Android 16 VehicleProperty.aidl (按功能名交叉核验),Vehicle.Cabin.RearShade.IsOpen,1,,疑似重复,SUNROOF_OPEN; WINDOW_OPEN; DOOR_OPEN,是,是,是,否/待审
VCC-131,CLOSE SHADE 关,CLOSE,SHADE,按官方路径区域归并,布尔,,Vehicle.Cabin.RearShade.IsOpen,actuator,boolean,,Is item open or closed? True = Fully or partially open. False = Fully closed.,Android VHAL Android 16 VehicleProperty.aidl (按功能名交叉核验),Vehicle.Cabin.RearShade.IsOpen,1,,疑似重复,SUNROOF_CLOSE; WINDOW_CLOSE; DOOR_CLOSE,是,是,是,否/待审
VCC-132,SET SHADE Position,SET,SHADE,按官方路径区域归并,连续数值,0..100,Vehicle.Cabin.RearShade.Position,actuator,uint8,percent,Item position. 0 = Start position 100 = End position.,Android VHAL Android 16 VehicleProperty.aidl (按功能名交叉核验),Vehicle.Cabin.RearShade.Position,1,,缺失候选,,否,否,是,否/待审
VCC-133,SWITCH_MODE SHADE Switch,SWITCH_MODE,SHADE,按官方路径区域归并,枚举,CLOSE; INACTIVE; ONE_SHOT_CLOSE; ONE_SHOT_OPEN; OPEN,Vehicle.Cabin.RearShade.Switch,actuator,string,,"Switch controlling sliding action such as window, sunroof, or blind.",Android VHAL Android 16 VehicleProperty.aidl (按功能名交叉核验),Vehicle.Cabin.RearShade.Switch,1,,疑似重复,HEADLIGHT_SET_MODE; WIPER_SET_MODE,是,是,是,否/待审
VCC-134,SET MIRROR DimmingLevel,SET,MIRROR,按官方路径区域归并,连续数值,100,Vehicle.Cabin.RearviewMirror.DimmingLevel,actuator,uint8,percent,Dimming level of rear-view mirror. 0 = Undimmed. 100 = Fully dimmed.,Android VHAL Android 16 VehicleProperty.aidl (按功能名交叉核验),Vehicle.Cabin.RearviewMirror.DimmingLevel,1,HVAC_SIDE_MIRROR_HEAT; MIRROR_Z_POS; MIRROR_Z_MOVE; MIRROR_Y_POS; MIRROR_Y_MOVE; MIRROR_LOCK; MIRROR_FOLD; MIRROR_AUTO_FOLD_ENABLED; MIRROR_AUTO_TILT_ENABLED,疑似重复,FRAGRANCE_SET_LEVEL; SEAT_HEATING_SET_LEVEL; SEAT_MASSAGE_SET_LEVEL; SEAT_VENTILATION_SET_LEVEL,是,是,是,否/待审
VCC-135,SET SEAT BottomLumbarSupport,SET,SEAT,按官方路径区域归并,连续数值,0..100,Vehicle.Cabin.Seat.Row1.DriverSide.Backrest.BottomLumbarSupport; Vehicle.Cabin.Seat.Row1.Middle.Backrest.BottomLumbarSupport; Vehicle.Cabin.Seat.Row1.PassengerSide.Backrest.BottomLumbarSupport; Vehicle.Cabin.Seat.Row2.DriverSide.Backrest.BottomLumbarSupport; Vehicle.Cabin.Seat.Row2.Middle.Backrest.BottomLumbarSupport; Vehicle.Cabin.Seat.Row2.PassengerSide.Backrest.BottomLumbarSupport,actuator,float,percent,Bottom lumbar support (in/out position). 0 = Innermost position. 100 = Outermost position.,Android VHAL Android 16 VehicleProperty.aidl (按功能名交叉核验),Vehicle.Cabin.Seat.Backrest.BottomLumbarSupport,6,INFO_DRIVER_SEAT; HVAC_SEAT_TEMPERATURE; HVAC_SEAT_VENTILATION; SEAT_MEMORY_SELECT; SEAT_MEMORY_SET; SEAT_BELT_BUCKLED; SEAT_BELT_HEIGHT_POS; SEAT_BELT_HEIGHT_MOVE; SEAT_FORE_AFT_POS; SEAT_FORE_AFT_MOVE; SEAT_BACKREST_ANGLE_1_POS; SEAT_BACKREST_ANGLE_1_MOVE; SEAT_BACKREST_ANGLE_2_POS; SEAT_BACKREST_ANGLE_2_MOVE; SEAT_HEIGHT_POS; SEAT_HEIGHT_MOVE; SEAT_DEPTH_POS; SEAT_DEPTH_MOVE; SEAT_TILT_POS; SEAT_TILT_MOVE; SEAT_LUMBAR_FORE_AFT_POS; SEAT_LUMBAR_FORE_AFT_MOVE; SEAT_LUMBAR_SIDE_SUPPORT_POS; SEAT_LUMBAR_SIDE_SUPPORT_MOVE; SEAT_HEADREST_HEIGHT_POS; SEAT_HEADREST_HEIGHT_POS_V2; SEAT_HEADREST_HEIGHT_MOVE; SEAT_HEADREST_ANGLE_POS; SEAT_HEADREST_ANGLE_MOVE; SEAT_HEADREST_FORE_AFT_POS; SEAT_HEADREST_FORE_AFT_MOVE; SEAT_FOOTWELL_LIGHTS_STATE; SEAT_FOOTWELL_LIGHTS_SWITCH; SEAT_EASY_ACCESS_ENABLED; SEAT_AIRBAG_ENABLED; SEAT_AIRBAGS_DEPLOYED; SEAT_CUSHION_SIDE_SUPPORT_POS; SEAT_CUSHION_SIDE_SUPPORT_MOVE; SEAT_LUMBAR_VERTICAL_POS; SEAT_LUMBAR_VERTICAL_MOVE; SEAT_WALK_IN_POS; SEAT_BELT_PRETENSIONER,缺失候选,,否,否,是,否/待审
VCC-136,SET SEAT HeatingCooling,SET,SEAT,按官方路径区域归并,连续数值,-100..100,Vehicle.Cabin.Seat.Row1.DriverSide.Backrest.HeatingCooling; Vehicle.Cabin.Seat.Row1.Middle.Backrest.HeatingCooling; Vehicle.Cabin.Seat.Row1.PassengerSide.Backrest.HeatingCooling; Vehicle.Cabin.Seat.Row2.DriverSide.Backrest.HeatingCooling; Vehicle.Cabin.Seat.Row2.Middle.Backrest.HeatingCooling; Vehicle.Cabin.Seat.Row2.PassengerSide.Backrest.HeatingCooling,actuator,int8,percent,"Heating or Cooling requsted for the Item. -100 = Maximum cooling, 0 = Heating/cooling deactivated, 100 = Maximum heating.",Android VHAL Android 16 VehicleProperty.aidl (按功能名交叉核验),Vehicle.Cabin.Seat.Backrest.HeatingCooling,6,INFO_DRIVER_SEAT; HVAC_SEAT_TEMPERATURE; HVAC_SEAT_VENTILATION; SEAT_MEMORY_SELECT; SEAT_MEMORY_SET; SEAT_BELT_BUCKLED; SEAT_BELT_HEIGHT_POS; SEAT_BELT_HEIGHT_MOVE; SEAT_FORE_AFT_POS; SEAT_FORE_AFT_MOVE; SEAT_BACKREST_ANGLE_1_POS; SEAT_BACKREST_ANGLE_1_MOVE; SEAT_BACKREST_ANGLE_2_POS; SEAT_BACKREST_ANGLE_2_MOVE; SEAT_HEIGHT_POS; SEAT_HEIGHT_MOVE; SEAT_DEPTH_POS; SEAT_DEPTH_MOVE; SEAT_TILT_POS; SEAT_TILT_MOVE; SEAT_LUMBAR_FORE_AFT_POS; SEAT_LUMBAR_FORE_AFT_MOVE; SEAT_LUMBAR_SIDE_SUPPORT_POS; SEAT_LUMBAR_SIDE_SUPPORT_MOVE; SEAT_HEADREST_HEIGHT_POS; SEAT_HEADREST_HEIGHT_POS_V2; SEAT_HEADREST_HEIGHT_MOVE; SEAT_HEADREST_ANGLE_POS; SEAT_HEADREST_ANGLE_MOVE; SEAT_HEADREST_FORE_AFT_POS; SEAT_HEADREST_FORE_AFT_MOVE; SEAT_FOOTWELL_LIGHTS_STATE; SEAT_FOOTWELL_LIGHTS_SWITCH; SEAT_EASY_ACCESS_ENABLED; SEAT_AIRBAG_ENABLED; SEAT_AIRBAGS_DEPLOYED; SEAT_CUSHION_SIDE_SUPPORT_POS; SEAT_CUSHION_SIDE_SUPPORT_MOVE; SEAT_LUMBAR_VERTICAL_POS; SEAT_LUMBAR_VERTICAL_MOVE; SEAT_WALK_IN_POS; SEAT_BELT_PRETENSIONER,缺失候选,,否,否,是,否/待审
VCC-137,SET SEAT LumbarHeight,SET,SEAT,按官方路径区域归并,连续数值,0,Vehicle.Cabin.Seat.Row1.DriverSide.Backrest.LumbarHeight; Vehicle.Cabin.Seat.Row1.Middle.Backrest.LumbarHeight; Vehicle.Cabin.Seat.Row1.PassengerSide.Backrest.LumbarHeight; Vehicle.Cabin.Seat.Row2.DriverSide.Backrest.LumbarHeight; Vehicle.Cabin.Seat.Row2.Middle.Backrest.LumbarHeight; Vehicle.Cabin.Seat.Row2.PassengerSide.Backrest.LumbarHeight,actuator,uint8,mm,Height of lumbar support. Position is relative within available movable range of the lumbar support. 0 = Lowermost position supported.,Android VHAL Android 16 VehicleProperty.aidl (按功能名交叉核验),Vehicle.Cabin.Seat.Backrest.LumbarHeight,6,INFO_DRIVER_SEAT; HVAC_SEAT_TEMPERATURE; HVAC_SEAT_VENTILATION; SEAT_MEMORY_SELECT; SEAT_MEMORY_SET; SEAT_BELT_BUCKLED; SEAT_BELT_HEIGHT_POS; SEAT_BELT_HEIGHT_MOVE; SEAT_FORE_AFT_POS; SEAT_FORE_AFT_MOVE; SEAT_BACKREST_ANGLE_1_POS; SEAT_BACKREST_ANGLE_1_MOVE; SEAT_BACKREST_ANGLE_2_POS; SEAT_BACKREST_ANGLE_2_MOVE; SEAT_HEIGHT_POS; SEAT_HEIGHT_MOVE; SEAT_DEPTH_POS; SEAT_DEPTH_MOVE; SEAT_TILT_POS; SEAT_TILT_MOVE; SEAT_LUMBAR_FORE_AFT_POS; SEAT_LUMBAR_FORE_AFT_MOVE; SEAT_LUMBAR_SIDE_SUPPORT_POS; SEAT_LUMBAR_SIDE_SUPPORT_MOVE; SEAT_HEADREST_HEIGHT_POS; SEAT_HEADREST_HEIGHT_POS_V2; SEAT_HEADREST_HEIGHT_MOVE; SEAT_HEADREST_ANGLE_POS; SEAT_HEADREST_ANGLE_MOVE; SEAT_HEADREST_FORE_AFT_POS; SEAT_HEADREST_FORE_AFT_MOVE; SEAT_FOOTWELL_LIGHTS_STATE; SEAT_FOOTWELL_LIGHTS_SWITCH; SEAT_EASY_ACCESS_ENABLED; SEAT_AIRBAG_ENABLED; SEAT_AIRBAGS_DEPLOYED; SEAT_CUSHION_SIDE_SUPPORT_POS; SEAT_CUSHION_SIDE_SUPPORT_MOVE; SEAT_LUMBAR_VERTICAL_POS; SEAT_LUMBAR_VERTICAL_MOVE; SEAT_WALK_IN_POS; SEAT_BELT_PRETENSIONER,缺失候选,,否,否,是,否/待审
VCC-138,SET SEAT LumbarSupport,SET,SEAT,按官方路径区域归并,连续数值,0..100,Vehicle.Cabin.Seat.Row1.DriverSide.Backrest.LumbarSupport; Vehicle.Cabin.Seat.Row1.Middle.Backrest.LumbarSupport; Vehicle.Cabin.Seat.Row1.PassengerSide.Backrest.LumbarSupport; Vehicle.Cabin.Seat.Row2.DriverSide.Backrest.LumbarSupport; Vehicle.Cabin.Seat.Row2.Middle.Backrest.LumbarSupport; Vehicle.Cabin.Seat.Row2.PassengerSide.Backrest.LumbarSupport,actuator,float,percent,Lumbar support (in/out position). 0 = Innermost position. 100 = Outermost position.,Android VHAL Android 16 VehicleProperty.aidl (按功能名交叉核验),Vehicle.Cabin.Seat.Backrest.LumbarSupport,6,INFO_DRIVER_SEAT; HVAC_SEAT_TEMPERATURE; HVAC_SEAT_VENTILATION; SEAT_MEMORY_SELECT; SEAT_MEMORY_SET; SEAT_BELT_BUCKLED; SEAT_BELT_HEIGHT_POS; SEAT_BELT_HEIGHT_MOVE; SEAT_FORE_AFT_POS; SEAT_FORE_AFT_MOVE; SEAT_BACKREST_ANGLE_1_POS; SEAT_BACKREST_ANGLE_1_MOVE; SEAT_BACKREST_ANGLE_2_POS; SEAT_BACKREST_ANGLE_2_MOVE; SEAT_HEIGHT_POS; SEAT_HEIGHT_MOVE; SEAT_DEPTH_POS; SEAT_DEPTH_MOVE; SEAT_TILT_POS; SEAT_TILT_MOVE; SEAT_LUMBAR_FORE_AFT_POS; SEAT_LUMBAR_FORE_AFT_MOVE; SEAT_LUMBAR_SIDE_SUPPORT_POS; SEAT_LUMBAR_SIDE_SUPPORT_MOVE; SEAT_HEADREST_HEIGHT_POS; SEAT_HEADREST_HEIGHT_POS_V2; SEAT_HEADREST_HEIGHT_MOVE; SEAT_HEADREST_ANGLE_POS; SEAT_HEADREST_ANGLE_MOVE; SEAT_HEADREST_FORE_AFT_POS; SEAT_HEADREST_FORE_AFT_MOVE; SEAT_FOOTWELL_LIGHTS_STATE; SEAT_FOOTWELL_LIGHTS_SWITCH; SEAT_EASY_ACCESS_ENABLED; SEAT_AIRBAG_ENABLED; SEAT_AIRBAGS_DEPLOYED; SEAT_CUSHION_SIDE_SUPPORT_POS; SEAT_CUSHION_SIDE_SUPPORT_MOVE; SEAT_LUMBAR_VERTICAL_POS; SEAT_LUMBAR_VERTICAL_MOVE; SEAT_WALK_IN_POS; SEAT_BELT_PRETENSIONER,缺失候选,,否,否,是,否/待审
VCC-139,SET SEAT MidLumbarSupport,SET,SEAT,按官方路径区域归并,连续数值,0..100,Vehicle.Cabin.Seat.Row1.DriverSide.Backrest.MidLumbarSupport; Vehicle.Cabin.Seat.Row1.Middle.Backrest.MidLumbarSupport; Vehicle.Cabin.Seat.Row1.PassengerSide.Backrest.MidLumbarSupport; Vehicle.Cabin.Seat.Row2.DriverSide.Backrest.MidLumbarSupport; Vehicle.Cabin.Seat.Row2.Middle.Backrest.MidLumbarSupport; Vehicle.Cabin.Seat.Row2.PassengerSide.Backrest.MidLumbarSupport,actuator,float,percent,Mid lumbar support (in/out position). 0 = Innermost position. 100 = Outermost position.,Android VHAL Android 16 VehicleProperty.aidl (按功能名交叉核验),Vehicle.Cabin.Seat.Backrest.MidLumbarSupport,6,INFO_DRIVER_SEAT; HVAC_SEAT_TEMPERATURE; HVAC_SEAT_VENTILATION; SEAT_MEMORY_SELECT; SEAT_MEMORY_SET; SEAT_BELT_BUCKLED; SEAT_BELT_HEIGHT_POS; SEAT_BELT_HEIGHT_MOVE; SEAT_FORE_AFT_POS; SEAT_FORE_AFT_MOVE; SEAT_BACKREST_ANGLE_1_POS; SEAT_BACKREST_ANGLE_1_MOVE; SEAT_BACKREST_ANGLE_2_POS; SEAT_BACKREST_ANGLE_2_MOVE; SEAT_HEIGHT_POS; SEAT_HEIGHT_MOVE; SEAT_DEPTH_POS; SEAT_DEPTH_MOVE; SEAT_TILT_POS; SEAT_TILT_MOVE; SEAT_LUMBAR_FORE_AFT_POS; SEAT_LUMBAR_FORE_AFT_MOVE; SEAT_LUMBAR_SIDE_SUPPORT_POS; SEAT_LUMBAR_SIDE_SUPPORT_MOVE; SEAT_HEADREST_HEIGHT_POS; SEAT_HEADREST_HEIGHT_POS_V2; SEAT_HEADREST_HEIGHT_MOVE; SEAT_HEADREST_ANGLE_POS; SEAT_HEADREST_ANGLE_MOVE; SEAT_HEADREST_FORE_AFT_POS; SEAT_HEADREST_FORE_AFT_MOVE; SEAT_FOOTWELL_LIGHTS_STATE; SEAT_FOOTWELL_LIGHTS_SWITCH; SEAT_EASY_ACCESS_ENABLED; SEAT_AIRBAG_ENABLED; SEAT_AIRBAGS_DEPLOYED; SEAT_CUSHION_SIDE_SUPPORT_POS; SEAT_CUSHION_SIDE_SUPPORT_MOVE; SEAT_LUMBAR_VERTICAL_POS; SEAT_LUMBAR_VERTICAL_MOVE; SEAT_WALK_IN_POS; SEAT_BELT_PRETENSIONER,缺失候选,,否,否,是,否/待审
VCC-140,SET SEAT Recline,SET,SEAT,按官方路径区域归并,连续数值,,Vehicle.Cabin.Seat.Row1.DriverSide.Backrest.Recline; Vehicle.Cabin.Seat.Row1.Middle.Backrest.Recline; Vehicle.Cabin.Seat.Row1.PassengerSide.Backrest.Recline; Vehicle.Cabin.Seat.Row2.DriverSide.Backrest.Recline; Vehicle.Cabin.Seat.Row2.Middle.Backrest.Recline; Vehicle.Cabin.Seat.Row2.PassengerSide.Backrest.Recline,actuator,float,degrees,Backrest recline compared to seat z-axis (seat vertical axis). 0 degrees = Upright/Vertical backrest. Negative degrees for forward recline. Positive degrees for backward recline.,Android VHAL Android 16 VehicleProperty.aidl (按功能名交叉核验),Vehicle.Cabin.Seat.Backrest.Recline,6,INFO_DRIVER_SEAT; HVAC_SEAT_TEMPERATURE; HVAC_SEAT_VENTILATION; SEAT_MEMORY_SELECT; SEAT_MEMORY_SET; SEAT_BELT_BUCKLED; SEAT_BELT_HEIGHT_POS; SEAT_BELT_HEIGHT_MOVE; SEAT_FORE_AFT_POS; SEAT_FORE_AFT_MOVE; SEAT_BACKREST_ANGLE_1_POS; SEAT_BACKREST_ANGLE_1_MOVE; SEAT_BACKREST_ANGLE_2_POS; SEAT_BACKREST_ANGLE_2_MOVE; SEAT_HEIGHT_POS; SEAT_HEIGHT_MOVE; SEAT_DEPTH_POS; SEAT_DEPTH_MOVE; SEAT_TILT_POS; SEAT_TILT_MOVE; SEAT_LUMBAR_FORE_AFT_POS; SEAT_LUMBAR_FORE_AFT_MOVE; SEAT_LUMBAR_SIDE_SUPPORT_POS; SEAT_LUMBAR_SIDE_SUPPORT_MOVE; SEAT_HEADREST_HEIGHT_POS; SEAT_HEADREST_HEIGHT_POS_V2; SEAT_HEADREST_HEIGHT_MOVE; SEAT_HEADREST_ANGLE_POS; SEAT_HEADREST_ANGLE_MOVE; SEAT_HEADREST_FORE_AFT_POS; SEAT_HEADREST_FORE_AFT_MOVE; SEAT_FOOTWELL_LIGHTS_STATE; SEAT_FOOTWELL_LIGHTS_SWITCH; SEAT_EASY_ACCESS_ENABLED; SEAT_AIRBAG_ENABLED; SEAT_AIRBAGS_DEPLOYED; SEAT_CUSHION_SIDE_SUPPORT_POS; SEAT_CUSHION_SIDE_SUPPORT_MOVE; SEAT_LUMBAR_VERTICAL_POS; SEAT_LUMBAR_VERTICAL_MOVE; SEAT_WALK_IN_POS; SEAT_BELT_PRETENSIONER,缺失候选,,否,否,是,否/待审
VCC-141,SET SEAT SideBolsterSupport,SET,SEAT,按官方路径区域归并,连续数值,0..100,Vehicle.Cabin.Seat.Row1.DriverSide.Backrest.SideBolsterSupport; Vehicle.Cabin.Seat.Row1.Middle.Backrest.SideBolsterSupport; Vehicle.Cabin.Seat.Row1.PassengerSide.Backrest.SideBolsterSupport; Vehicle.Cabin.Seat.Row2.DriverSide.Backrest.SideBolsterSupport; Vehicle.Cabin.Seat.Row2.Middle.Backrest.SideBolsterSupport; Vehicle.Cabin.Seat.Row2.PassengerSide.Backrest.SideBolsterSupport,actuator,float,percent,Side bolster support. 0 = Minimum support (widest side bolster setting). 100 = Maximum support.,Android VHAL Android 16 VehicleProperty.aidl (按功能名交叉核验),Vehicle.Cabin.Seat.Backrest.SideBolsterSupport,6,INFO_DRIVER_SEAT; HVAC_SEAT_TEMPERATURE; HVAC_SEAT_VENTILATION; SEAT_MEMORY_SELECT; SEAT_MEMORY_SET; SEAT_BELT_BUCKLED; SEAT_BELT_HEIGHT_POS; SEAT_BELT_HEIGHT_MOVE; SEAT_FORE_AFT_POS; SEAT_FORE_AFT_MOVE; SEAT_BACKREST_ANGLE_1_POS; SEAT_BACKREST_ANGLE_1_MOVE; SEAT_BACKREST_ANGLE_2_POS; SEAT_BACKREST_ANGLE_2_MOVE; SEAT_HEIGHT_POS; SEAT_HEIGHT_MOVE; SEAT_DEPTH_POS; SEAT_DEPTH_MOVE; SEAT_TILT_POS; SEAT_TILT_MOVE; SEAT_LUMBAR_FORE_AFT_POS; SEAT_LUMBAR_FORE_AFT_MOVE; SEAT_LUMBAR_SIDE_SUPPORT_POS; SEAT_LUMBAR_SIDE_SUPPORT_MOVE; SEAT_HEADREST_HEIGHT_POS; SEAT_HEADREST_HEIGHT_POS_V2; SEAT_HEADREST_HEIGHT_MOVE; SEAT_HEADREST_ANGLE_POS; SEAT_HEADREST_ANGLE_MOVE; SEAT_HEADREST_FORE_AFT_POS; SEAT_HEADREST_FORE_AFT_MOVE; SEAT_FOOTWELL_LIGHTS_STATE; SEAT_FOOTWELL_LIGHTS_SWITCH; SEAT_EASY_ACCESS_ENABLED; SEAT_AIRBAG_ENABLED; SEAT_AIRBAGS_DEPLOYED; SEAT_CUSHION_SIDE_SUPPORT_POS; SEAT_CUSHION_SIDE_SUPPORT_MOVE; SEAT_LUMBAR_VERTICAL_POS; SEAT_LUMBAR_VERTICAL_MOVE; SEAT_WALK_IN_POS; SEAT_BELT_PRETENSIONER,缺失候选,,否,否,是,否/待审
VCC-142,SET SEAT SideBolsterSupportLeft,SET,SEAT,按官方路径区域归并,连续数值,0..100,Vehicle.Cabin.Seat.Row1.DriverSide.Backrest.SideBolsterSupportLeft; Vehicle.Cabin.Seat.Row1.Middle.Backrest.SideBolsterSupportLeft; Vehicle.Cabin.Seat.Row1.PassengerSide.Backrest.SideBolsterSupportLeft; Vehicle.Cabin.Seat.Row2.DriverSide.Backrest.SideBolsterSupportLeft; Vehicle.Cabin.Seat.Row2.Middle.Backrest.SideBolsterSupportLeft; Vehicle.Cabin.Seat.Row2.PassengerSide.Backrest.SideBolsterSupportLeft,actuator,float,percent,Side bolster support left. 0 = Minimum support (widest side bolster setting). 100 = Maximum support.,Android VHAL Android 16 VehicleProperty.aidl (按功能名交叉核验),Vehicle.Cabin.Seat.Backrest.SideBolsterSupportLeft,6,INFO_DRIVER_SEAT; HVAC_SEAT_TEMPERATURE; HVAC_SEAT_VENTILATION; SEAT_MEMORY_SELECT; SEAT_MEMORY_SET; SEAT_BELT_BUCKLED; SEAT_BELT_HEIGHT_POS; SEAT_BELT_HEIGHT_MOVE; SEAT_FORE_AFT_POS; SEAT_FORE_AFT_MOVE; SEAT_BACKREST_ANGLE_1_POS; SEAT_BACKREST_ANGLE_1_MOVE; SEAT_BACKREST_ANGLE_2_POS; SEAT_BACKREST_ANGLE_2_MOVE; SEAT_HEIGHT_POS; SEAT_HEIGHT_MOVE; SEAT_DEPTH_POS; SEAT_DEPTH_MOVE; SEAT_TILT_POS; SEAT_TILT_MOVE; SEAT_LUMBAR_FORE_AFT_POS; SEAT_LUMBAR_FORE_AFT_MOVE; SEAT_LUMBAR_SIDE_SUPPORT_POS; SEAT_LUMBAR_SIDE_SUPPORT_MOVE; SEAT_HEADREST_HEIGHT_POS; SEAT_HEADREST_HEIGHT_POS_V2; SEAT_HEADREST_HEIGHT_MOVE; SEAT_HEADREST_ANGLE_POS; SEAT_HEADREST_ANGLE_MOVE; SEAT_HEADREST_FORE_AFT_POS; SEAT_HEADREST_FORE_AFT_MOVE; SEAT_FOOTWELL_LIGHTS_STATE; SEAT_FOOTWELL_LIGHTS_SWITCH; SEAT_EASY_ACCESS_ENABLED; SEAT_AIRBAG_ENABLED; SEAT_AIRBAGS_DEPLOYED; SEAT_CUSHION_SIDE_SUPPORT_POS; SEAT_CUSHION_SIDE_SUPPORT_MOVE; SEAT_LUMBAR_VERTICAL_POS; SEAT_LUMBAR_VERTICAL_MOVE; SEAT_WALK_IN_POS; SEAT_BELT_PRETENSIONER,缺失候选,,否,否,是,否/待审
VCC-143,SET SEAT SideBolsterSupportRight,SET,SEAT,按官方路径区域归并,连续数值,0..100,Vehicle.Cabin.Seat.Row1.DriverSide.Backrest.SideBolsterSupportRight; Vehicle.Cabin.Seat.Row1.Middle.Backrest.SideBolsterSupportRight; Vehicle.Cabin.Seat.Row1.PassengerSide.Backrest.SideBolsterSupportRight; Vehicle.Cabin.Seat.Row2.DriverSide.Backrest.SideBolsterSupportRight; Vehicle.Cabin.Seat.Row2.Middle.Backrest.SideBolsterSupportRight; Vehicle.Cabin.Seat.Row2.PassengerSide.Backrest.SideBolsterSupportRight,actuator,float,percent,Side bolster support right. 0 = Minimum support (widest side bolster setting). 100 = Maximum support.,Android VHAL Android 16 VehicleProperty.aidl (按功能名交叉核验),Vehicle.Cabin.Seat.Backrest.SideBolsterSupportRight,6,INFO_DRIVER_SEAT; HVAC_SEAT_TEMPERATURE; HVAC_SEAT_VENTILATION; SEAT_MEMORY_SELECT; SEAT_MEMORY_SET; SEAT_BELT_BUCKLED; SEAT_BELT_HEIGHT_POS; SEAT_BELT_HEIGHT_MOVE; SEAT_FORE_AFT_POS; SEAT_FORE_AFT_MOVE; SEAT_BACKREST_ANGLE_1_POS; SEAT_BACKREST_ANGLE_1_MOVE; SEAT_BACKREST_ANGLE_2_POS; SEAT_BACKREST_ANGLE_2_MOVE; SEAT_HEIGHT_POS; SEAT_HEIGHT_MOVE; SEAT_DEPTH_POS; SEAT_DEPTH_MOVE; SEAT_TILT_POS; SEAT_TILT_MOVE; SEAT_LUMBAR_FORE_AFT_POS; SEAT_LUMBAR_FORE_AFT_MOVE; SEAT_LUMBAR_SIDE_SUPPORT_POS; SEAT_LUMBAR_SIDE_SUPPORT_MOVE; SEAT_HEADREST_HEIGHT_POS; SEAT_HEADREST_HEIGHT_POS_V2; SEAT_HEADREST_HEIGHT_MOVE; SEAT_HEADREST_ANGLE_POS; SEAT_HEADREST_ANGLE_MOVE; SEAT_HEADREST_FORE_AFT_POS; SEAT_HEADREST_FORE_AFT_MOVE; SEAT_FOOTWELL_LIGHTS_STATE; SEAT_FOOTWELL_LIGHTS_SWITCH; SEAT_EASY_ACCESS_ENABLED; SEAT_AIRBAG_ENABLED; SEAT_AIRBAGS_DEPLOYED; SEAT_CUSHION_SIDE_SUPPORT_POS; SEAT_CUSHION_SIDE_SUPPORT_MOVE; SEAT_LUMBAR_VERTICAL_POS; SEAT_LUMBAR_VERTICAL_MOVE; SEAT_WALK_IN_POS; SEAT_BELT_PRETENSIONER,缺失候选,,否,否,是,否/待审
VCC-144,SET SEAT TopLumbarSupport,SET,SEAT,按官方路径区域归并,连续数值,0..100,Vehicle.Cabin.Seat.Row1.DriverSide.Backrest.TopLumbarSupport; Vehicle.Cabin.Seat.Row1.Middle.Backrest.TopLumbarSupport; Vehicle.Cabin.Seat.Row1.PassengerSide.Backrest.TopLumbarSupport; Vehicle.Cabin.Seat.Row2.DriverSide.Backrest.TopLumbarSupport; Vehicle.Cabin.Seat.Row2.Middle.Backrest.TopLumbarSupport; Vehicle.Cabin.Seat.Row2.PassengerSide.Backrest.TopLumbarSupport,actuator,float,percent,Top lumbar support (in/out position). 0 = Innermost position. 100 = Outermost position.,Android VHAL Android 16 VehicleProperty.aidl (按功能名交叉核验),Vehicle.Cabin.Seat.Backrest.TopLumbarSupport,6,INFO_DRIVER_SEAT; HVAC_SEAT_TEMPERATURE; HVAC_SEAT_VENTILATION; SEAT_MEMORY_SELECT; SEAT_MEMORY_SET; SEAT_BELT_BUCKLED; SEAT_BELT_HEIGHT_POS; SEAT_BELT_HEIGHT_MOVE; SEAT_FORE_AFT_POS; SEAT_FORE_AFT_MOVE; SEAT_BACKREST_ANGLE_1_POS; SEAT_BACKREST_ANGLE_1_MOVE; SEAT_BACKREST_ANGLE_2_POS; SEAT_BACKREST_ANGLE_2_MOVE; SEAT_HEIGHT_POS; SEAT_HEIGHT_MOVE; SEAT_DEPTH_POS; SEAT_DEPTH_MOVE; SEAT_TILT_POS; SEAT_TILT_MOVE; SEAT_LUMBAR_FORE_AFT_POS; SEAT_LUMBAR_FORE_AFT_MOVE; SEAT_LUMBAR_SIDE_SUPPORT_POS; SEAT_LUMBAR_SIDE_SUPPORT_MOVE; SEAT_HEADREST_HEIGHT_POS; SEAT_HEADREST_HEIGHT_POS_V2; SEAT_HEADREST_HEIGHT_MOVE; SEAT_HEADREST_ANGLE_POS; SEAT_HEADREST_ANGLE_MOVE; SEAT_HEADREST_FORE_AFT_POS; SEAT_HEADREST_FORE_AFT_MOVE; SEAT_FOOTWELL_LIGHTS_STATE; SEAT_FOOTWELL_LIGHTS_SWITCH; SEAT_EASY_ACCESS_ENABLED; SEAT_AIRBAG_ENABLED; SEAT_AIRBAGS_DEPLOYED; SEAT_CUSHION_SIDE_SUPPORT_POS; SEAT_CUSHION_SIDE_SUPPORT_MOVE; SEAT_LUMBAR_VERTICAL_POS; SEAT_LUMBAR_VERTICAL_MOVE; SEAT_WALK_IN_POS; SEAT_BELT_PRETENSIONER,缺失候选,,否,否,是,否/待审
VCC-145,SET SEAT UpperShoulderSupport,SET,SEAT,按官方路径区域归并,连续数值,0..100,Vehicle.Cabin.Seat.Row1.DriverSide.Backrest.UpperShoulderSupport; Vehicle.Cabin.Seat.Row1.Middle.Backrest.UpperShoulderSupport; Vehicle.Cabin.Seat.Row1.PassengerSide.Backrest.UpperShoulderSupport; Vehicle.Cabin.Seat.Row2.DriverSide.Backrest.UpperShoulderSupport; Vehicle.Cabin.Seat.Row2.Middle.Backrest.UpperShoulderSupport; Vehicle.Cabin.Seat.Row2.PassengerSide.Backrest.UpperShoulderSupport,actuator,float,percent,Upper shoulder support. 0 = Minimum support (widest side bolster setting). 100 = Maximum support.,Android VHAL Android 16 VehicleProperty.aidl (按功能名交叉核验),Vehicle.Cabin.Seat.Backrest.UpperShoulderSupport,6,INFO_DRIVER_SEAT; HVAC_SEAT_TEMPERATURE; HVAC_SEAT_VENTILATION; SEAT_MEMORY_SELECT; SEAT_MEMORY_SET; SEAT_BELT_BUCKLED; SEAT_BELT_HEIGHT_POS; SEAT_BELT_HEIGHT_MOVE; SEAT_FORE_AFT_POS; SEAT_FORE_AFT_MOVE; SEAT_BACKREST_ANGLE_1_POS; SEAT_BACKREST_ANGLE_1_MOVE; SEAT_BACKREST_ANGLE_2_POS; SEAT_BACKREST_ANGLE_2_MOVE; SEAT_HEIGHT_POS; SEAT_HEIGHT_MOVE; SEAT_DEPTH_POS; SEAT_DEPTH_MOVE; SEAT_TILT_POS; SEAT_TILT_MOVE; SEAT_LUMBAR_FORE_AFT_POS; SEAT_LUMBAR_FORE_AFT_MOVE; SEAT_LUMBAR_SIDE_SUPPORT_POS; SEAT_LUMBAR_SIDE_SUPPORT_MOVE; SEAT_HEADREST_HEIGHT_POS; SEAT_HEADREST_HEIGHT_POS_V2; SEAT_HEADREST_HEIGHT_MOVE; SEAT_HEADREST_ANGLE_POS; SEAT_HEADREST_ANGLE_MOVE; SEAT_HEADREST_FORE_AFT_POS; SEAT_HEADREST_FORE_AFT_MOVE; SEAT_FOOTWELL_LIGHTS_STATE; SEAT_FOOTWELL_LIGHTS_SWITCH; SEAT_EASY_ACCESS_ENABLED; SEAT_AIRBAG_ENABLED; SEAT_AIRBAGS_DEPLOYED; SEAT_CUSHION_SIDE_SUPPORT_POS; SEAT_CUSHION_SIDE_SUPPORT_MOVE; SEAT_LUMBAR_VERTICAL_POS; SEAT_LUMBAR_VERTICAL_MOVE; SEAT_WALK_IN_POS; SEAT_BELT_PRETENSIONER,缺失候选,,否,否,是,否/待审
VCC-146,SET SEAT Angle,SET,SEAT,按官方路径区域归并,连续数值,,Vehicle.Cabin.Seat.Row1.DriverSide.Headrest.Angle; Vehicle.Cabin.Seat.Row1.Middle.Headrest.Angle; Vehicle.Cabin.Seat.Row1.PassengerSide.Headrest.Angle; Vehicle.Cabin.Seat.Row2.DriverSide.Headrest.Angle; Vehicle.Cabin.Seat.Row2.Middle.Headrest.Angle; Vehicle.Cabin.Seat.Row2.PassengerSide.Headrest.Angle,actuator,float,degrees,"Headrest angle, relative to backrest, 0 degrees if parallel to backrest, Positive degrees = tilted forward.",Android VHAL Android 16 VehicleProperty.aidl (按功能名交叉核验),Vehicle.Cabin.Seat.Headrest.Angle,6,INFO_DRIVER_SEAT; HVAC_SEAT_TEMPERATURE; HVAC_SEAT_VENTILATION; SEAT_MEMORY_SELECT; SEAT_MEMORY_SET; SEAT_BELT_BUCKLED; SEAT_BELT_HEIGHT_POS; SEAT_BELT_HEIGHT_MOVE; SEAT_FORE_AFT_POS; SEAT_FORE_AFT_MOVE; SEAT_BACKREST_ANGLE_1_POS; SEAT_BACKREST_ANGLE_1_MOVE; SEAT_BACKREST_ANGLE_2_POS; SEAT_BACKREST_ANGLE_2_MOVE; SEAT_HEIGHT_POS; SEAT_HEIGHT_MOVE; SEAT_DEPTH_POS; SEAT_DEPTH_MOVE; SEAT_TILT_POS; SEAT_TILT_MOVE; SEAT_LUMBAR_FORE_AFT_POS; SEAT_LUMBAR_FORE_AFT_MOVE; SEAT_LUMBAR_SIDE_SUPPORT_POS; SEAT_LUMBAR_SIDE_SUPPORT_MOVE; SEAT_HEADREST_HEIGHT_POS; SEAT_HEADREST_HEIGHT_POS_V2; SEAT_HEADREST_HEIGHT_MOVE; SEAT_HEADREST_ANGLE_POS; SEAT_HEADREST_ANGLE_MOVE; SEAT_HEADREST_FORE_AFT_POS; SEAT_HEADREST_FORE_AFT_MOVE; SEAT_FOOTWELL_LIGHTS_STATE; SEAT_FOOTWELL_LIGHTS_SWITCH; SEAT_EASY_ACCESS_ENABLED; SEAT_AIRBAG_ENABLED; SEAT_AIRBAGS_DEPLOYED; SEAT_CUSHION_SIDE_SUPPORT_POS; SEAT_CUSHION_SIDE_SUPPORT_MOVE; SEAT_LUMBAR_VERTICAL_POS; SEAT_LUMBAR_VERTICAL_MOVE; SEAT_WALK_IN_POS; SEAT_BELT_PRETENSIONER,缺失候选,,否,否,是,否/待审
VCC-147,SET SEAT Height,SET,SEAT,按官方路径区域归并,连续数值,0,Vehicle.Cabin.Seat.Row1.DriverSide.Headrest.Height; Vehicle.Cabin.Seat.Row1.Middle.Headrest.Height; Vehicle.Cabin.Seat.Row1.PassengerSide.Headrest.Height; Vehicle.Cabin.Seat.Row2.DriverSide.Headrest.Height; Vehicle.Cabin.Seat.Row2.Middle.Headrest.Height; Vehicle.Cabin.Seat.Row2.PassengerSide.Headrest.Height,actuator,uint8,mm,Position of headrest relative to movable range of the head rest. 0 = Bottommost position supported.,Android VHAL Android 16 VehicleProperty.aidl (按功能名交叉核验),Vehicle.Cabin.Seat.Headrest.Height,6,INFO_DRIVER_SEAT; HVAC_SEAT_TEMPERATURE; HVAC_SEAT_VENTILATION; SEAT_MEMORY_SELECT; SEAT_MEMORY_SET; SEAT_BELT_BUCKLED; SEAT_BELT_HEIGHT_POS; SEAT_BELT_HEIGHT_MOVE; SEAT_FORE_AFT_POS; SEAT_FORE_AFT_MOVE; SEAT_BACKREST_ANGLE_1_POS; SEAT_BACKREST_ANGLE_1_MOVE; SEAT_BACKREST_ANGLE_2_POS; SEAT_BACKREST_ANGLE_2_MOVE; SEAT_HEIGHT_POS; SEAT_HEIGHT_MOVE; SEAT_DEPTH_POS; SEAT_DEPTH_MOVE; SEAT_TILT_POS; SEAT_TILT_MOVE; SEAT_LUMBAR_FORE_AFT_POS; SEAT_LUMBAR_FORE_AFT_MOVE; SEAT_LUMBAR_SIDE_SUPPORT_POS; SEAT_LUMBAR_SIDE_SUPPORT_MOVE; SEAT_HEADREST_HEIGHT_POS; SEAT_HEADREST_HEIGHT_POS_V2; SEAT_HEADREST_HEIGHT_MOVE; SEAT_HEADREST_ANGLE_POS; SEAT_HEADREST_ANGLE_MOVE; SEAT_HEADREST_FORE_AFT_POS; SEAT_HEADREST_FORE_AFT_MOVE; SEAT_FOOTWELL_LIGHTS_STATE; SEAT_FOOTWELL_LIGHTS_SWITCH; SEAT_EASY_ACCESS_ENABLED; SEAT_AIRBAG_ENABLED; SEAT_AIRBAGS_DEPLOYED; SEAT_CUSHION_SIDE_SUPPORT_POS; SEAT_CUSHION_SIDE_SUPPORT_MOVE; SEAT_LUMBAR_VERTICAL_POS; SEAT_LUMBAR_VERTICAL_MOVE; SEAT_WALK_IN_POS; SEAT_BELT_PRETENSIONER,缺失候选,,否,否,是,否/待审
VCC-148,SET SEAT HeatingCooling,SET,SEAT,按官方路径区域归并,连续数值,-100..100,Vehicle.Cabin.Seat.Row1.DriverSide.HeatingCooling; Vehicle.Cabin.Seat.Row1.Middle.HeatingCooling; Vehicle.Cabin.Seat.Row1.PassengerSide.HeatingCooling; Vehicle.Cabin.Seat.Row2.DriverSide.HeatingCooling; Vehicle.Cabin.Seat.Row2.Middle.HeatingCooling; Vehicle.Cabin.Seat.Row2.PassengerSide.HeatingCooling,actuator,int8,percent,"Heating or Cooling requsted for the Item. -100 = Maximum cooling, 0 = Heating/cooling deactivated, 100 = Maximum heating.",Android VHAL Android 16 VehicleProperty.aidl (按功能名交叉核验),Vehicle.Cabin.Seat.HeatingCooling,6,INFO_DRIVER_SEAT; HVAC_SEAT_TEMPERATURE; HVAC_SEAT_VENTILATION; SEAT_MEMORY_SELECT; SEAT_MEMORY_SET; SEAT_BELT_BUCKLED; SEAT_BELT_HEIGHT_POS; SEAT_BELT_HEIGHT_MOVE; SEAT_FORE_AFT_POS; SEAT_FORE_AFT_MOVE; SEAT_BACKREST_ANGLE_1_POS; SEAT_BACKREST_ANGLE_1_MOVE; SEAT_BACKREST_ANGLE_2_POS; SEAT_BACKREST_ANGLE_2_MOVE; SEAT_HEIGHT_POS; SEAT_HEIGHT_MOVE; SEAT_DEPTH_POS; SEAT_DEPTH_MOVE; SEAT_TILT_POS; SEAT_TILT_MOVE; SEAT_LUMBAR_FORE_AFT_POS; SEAT_LUMBAR_FORE_AFT_MOVE; SEAT_LUMBAR_SIDE_SUPPORT_POS; SEAT_LUMBAR_SIDE_SUPPORT_MOVE; SEAT_HEADREST_HEIGHT_POS; SEAT_HEADREST_HEIGHT_POS_V2; SEAT_HEADREST_HEIGHT_MOVE; SEAT_HEADREST_ANGLE_POS; SEAT_HEADREST_ANGLE_MOVE; SEAT_HEADREST_FORE_AFT_POS; SEAT_HEADREST_FORE_AFT_MOVE; SEAT_FOOTWELL_LIGHTS_STATE; SEAT_FOOTWELL_LIGHTS_SWITCH; SEAT_EASY_ACCESS_ENABLED; SEAT_AIRBAG_ENABLED; SEAT_AIRBAGS_DEPLOYED; SEAT_CUSHION_SIDE_SUPPORT_POS; SEAT_CUSHION_SIDE_SUPPORT_MOVE; SEAT_LUMBAR_VERTICAL_POS; SEAT_LUMBAR_VERTICAL_MOVE; SEAT_WALK_IN_POS; SEAT_BELT_PRETENSIONER,缺失候选,,否,否,是,否/待审
VCC-149,SET SEAT Height,SET,SEAT,按官方路径区域归并,连续数值,0,Vehicle.Cabin.Seat.Row1.DriverSide.Height; Vehicle.Cabin.Seat.Row1.Middle.Height; Vehicle.Cabin.Seat.Row1.PassengerSide.Height; Vehicle.Cabin.Seat.Row2.DriverSide.Height; Vehicle.Cabin.Seat.Row2.Middle.Height; Vehicle.Cabin.Seat.Row2.PassengerSide.Height,actuator,uint16,mm,Seat position on vehicle z-axis. Position is relative within available movable range of the seating. 0 = Lowermost position supported.,Android VHAL Android 16 VehicleProperty.aidl (按功能名交叉核验),Vehicle.Cabin.Seat.Height,6,INFO_DRIVER_SEAT; HVAC_SEAT_TEMPERATURE; HVAC_SEAT_VENTILATION; SEAT_MEMORY_SELECT; SEAT_MEMORY_SET; SEAT_BELT_BUCKLED; SEAT_BELT_HEIGHT_POS; SEAT_BELT_HEIGHT_MOVE; SEAT_FORE_AFT_POS; SEAT_FORE_AFT_MOVE; SEAT_BACKREST_ANGLE_1_POS; SEAT_BACKREST_ANGLE_1_MOVE; SEAT_BACKREST_ANGLE_2_POS; SEAT_BACKREST_ANGLE_2_MOVE; SEAT_HEIGHT_POS; SEAT_HEIGHT_MOVE; SEAT_DEPTH_POS; SEAT_DEPTH_MOVE; SEAT_TILT_POS; SEAT_TILT_MOVE; SEAT_LUMBAR_FORE_AFT_POS; SEAT_LUMBAR_FORE_AFT_MOVE; SEAT_LUMBAR_SIDE_SUPPORT_POS; SEAT_LUMBAR_SIDE_SUPPORT_MOVE; SEAT_HEADREST_HEIGHT_POS; SEAT_HEADREST_HEIGHT_POS_V2; SEAT_HEADREST_HEIGHT_MOVE; SEAT_HEADREST_ANGLE_POS; SEAT_HEADREST_ANGLE_MOVE; SEAT_HEADREST_FORE_AFT_POS; SEAT_HEADREST_FORE_AFT_MOVE; SEAT_FOOTWELL_LIGHTS_STATE; SEAT_FOOTWELL_LIGHTS_SWITCH; SEAT_EASY_ACCESS_ENABLED; SEAT_AIRBAG_ENABLED; SEAT_AIRBAGS_DEPLOYED; SEAT_CUSHION_SIDE_SUPPORT_POS; SEAT_CUSHION_SIDE_SUPPORT_MOVE; SEAT_LUMBAR_VERTICAL_POS; SEAT_LUMBAR_VERTICAL_MOVE; SEAT_WALK_IN_POS; SEAT_BELT_PRETENSIONER,缺失候选,,否,否,是,否/待审
VCC-150,SET SEAT Level,SET,SEAT,按官方路径区域归并,连续数值,0..100,Vehicle.Cabin.Seat.Row1.DriverSide.Massage.Level; Vehicle.Cabin.Seat.Row1.Middle.Massage.Level; Vehicle.Cabin.Seat.Row1.PassengerSide.Massage.Level; Vehicle.Cabin.Seat.Row2.DriverSide.Massage.Level; Vehicle.Cabin.Seat.Row2.Middle.Massage.Level; Vehicle.Cabin.Seat.Row2.PassengerSide.Massage.Level,actuator,uint8,percent,Seat massage level. 0 = off. 100 = max massage.,Android VHAL Android 16 VehicleProperty.aidl (按功能名交叉核验),Vehicle.Cabin.Seat.Massage.Level,6,INFO_DRIVER_SEAT; HVAC_SEAT_TEMPERATURE; HVAC_SEAT_VENTILATION; SEAT_MEMORY_SELECT; SEAT_MEMORY_SET; SEAT_BELT_BUCKLED; SEAT_BELT_HEIGHT_POS; SEAT_BELT_HEIGHT_MOVE; SEAT_FORE_AFT_POS; SEAT_FORE_AFT_MOVE; SEAT_BACKREST_ANGLE_1_POS; SEAT_BACKREST_ANGLE_1_MOVE; SEAT_BACKREST_ANGLE_2_POS; SEAT_BACKREST_ANGLE_2_MOVE; SEAT_HEIGHT_POS; SEAT_HEIGHT_MOVE; SEAT_DEPTH_POS; SEAT_DEPTH_MOVE; SEAT_TILT_POS; SEAT_TILT_MOVE; SEAT_LUMBAR_FORE_AFT_POS; SEAT_LUMBAR_FORE_AFT_MOVE; SEAT_LUMBAR_SIDE_SUPPORT_POS; SEAT_LUMBAR_SIDE_SUPPORT_MOVE; SEAT_HEADREST_HEIGHT_POS; SEAT_HEADREST_HEIGHT_POS_V2; SEAT_HEADREST_HEIGHT_MOVE; SEAT_HEADREST_ANGLE_POS; SEAT_HEADREST_ANGLE_MOVE; SEAT_HEADREST_FORE_AFT_POS; SEAT_HEADREST_FORE_AFT_MOVE; SEAT_FOOTWELL_LIGHTS_STATE; SEAT_FOOTWELL_LIGHTS_SWITCH; SEAT_EASY_ACCESS_ENABLED; SEAT_AIRBAG_ENABLED; SEAT_AIRBAGS_DEPLOYED; SEAT_CUSHION_SIDE_SUPPORT_POS; SEAT_CUSHION_SIDE_SUPPORT_MOVE; SEAT_LUMBAR_VERTICAL_POS; SEAT_LUMBAR_VERTICAL_MOVE; SEAT_WALK_IN_POS; SEAT_BELT_PRETENSIONER,疑似重复,FRAGRANCE_SET_LEVEL; SEAT_HEATING_SET_LEVEL; SEAT_MASSAGE_SET_LEVEL; SEAT_VENTILATION_SET_LEVEL,是,是,是,否/待审
VCC-151,SET_MODE SEAT TypeActive,SET_MODE,SEAT,按官方路径区域归并,枚举,,Vehicle.Cabin.Seat.Row1.DriverSide.Massage.TypeActive; Vehicle.Cabin.Seat.Row1.Middle.Massage.TypeActive; Vehicle.Cabin.Seat.Row1.PassengerSide.Massage.TypeActive; Vehicle.Cabin.Seat.Row2.DriverSide.Massage.TypeActive; Vehicle.Cabin.Seat.Row2.Middle.Massage.TypeActive; Vehicle.Cabin.Seat.Row2.PassengerSide.Massage.TypeActive,actuator,string,,Type of massage active.,Android VHAL Android 16 VehicleProperty.aidl (按功能名交叉核验),Vehicle.Cabin.Seat.Massage.TypeActive,6,INFO_DRIVER_SEAT; HVAC_SEAT_TEMPERATURE; HVAC_SEAT_VENTILATION; SEAT_MEMORY_SELECT; SEAT_MEMORY_SET; SEAT_BELT_BUCKLED; SEAT_BELT_HEIGHT_POS; SEAT_BELT_HEIGHT_MOVE; SEAT_FORE_AFT_POS; SEAT_FORE_AFT_MOVE; SEAT_BACKREST_ANGLE_1_POS; SEAT_BACKREST_ANGLE_1_MOVE; SEAT_BACKREST_ANGLE_2_POS; SEAT_BACKREST_ANGLE_2_MOVE; SEAT_HEIGHT_POS; SEAT_HEIGHT_MOVE; SEAT_DEPTH_POS; SEAT_DEPTH_MOVE; SEAT_TILT_POS; SEAT_TILT_MOVE; SEAT_LUMBAR_FORE_AFT_POS; SEAT_LUMBAR_FORE_AFT_MOVE; SEAT_LUMBAR_SIDE_SUPPORT_POS; SEAT_LUMBAR_SIDE_SUPPORT_MOVE; SEAT_HEADREST_HEIGHT_POS; SEAT_HEADREST_HEIGHT_POS_V2; SEAT_HEADREST_HEIGHT_MOVE; SEAT_HEADREST_ANGLE_POS; SEAT_HEADREST_ANGLE_MOVE; SEAT_HEADREST_FORE_AFT_POS; SEAT_HEADREST_FORE_AFT_MOVE; SEAT_FOOTWELL_LIGHTS_STATE; SEAT_FOOTWELL_LIGHTS_SWITCH; SEAT_EASY_ACCESS_ENABLED; SEAT_AIRBAG_ENABLED; SEAT_AIRBAGS_DEPLOYED; SEAT_CUSHION_SIDE_SUPPORT_POS; SEAT_CUSHION_SIDE_SUPPORT_MOVE; SEAT_LUMBAR_VERTICAL_POS; SEAT_LUMBAR_VERTICAL_MOVE; SEAT_WALK_IN_POS; SEAT_BELT_PRETENSIONER,缺失候选,,否,否,是,否/待审
VCC-152,SET SEAT FanSpeed,SET,SEAT,按官方路径区域归并,连续数值,0..100,Vehicle.Cabin.Seat.Row1.DriverSide.NeckScarf.FanSpeed; Vehicle.Cabin.Seat.Row1.Middle.NeckScarf.FanSpeed; Vehicle.Cabin.Seat.Row1.PassengerSide.NeckScarf.FanSpeed; Vehicle.Cabin.Seat.Row2.DriverSide.NeckScarf.FanSpeed; Vehicle.Cabin.Seat.Row2.Middle.NeckScarf.FanSpeed; Vehicle.Cabin.Seat.Row2.PassengerSide.NeckScarf.FanSpeed,actuator,uint8,percent,Speed of the fan.,Android VHAL Android 16 VehicleProperty.aidl (按功能名交叉核验),Vehicle.Cabin.Seat.NeckScarf.FanSpeed,6,INFO_DRIVER_SEAT; HVAC_SEAT_TEMPERATURE; HVAC_SEAT_VENTILATION; SEAT_MEMORY_SELECT; SEAT_MEMORY_SET; SEAT_BELT_BUCKLED; SEAT_BELT_HEIGHT_POS; SEAT_BELT_HEIGHT_MOVE; SEAT_FORE_AFT_POS; SEAT_FORE_AFT_MOVE; SEAT_BACKREST_ANGLE_1_POS; SEAT_BACKREST_ANGLE_1_MOVE; SEAT_BACKREST_ANGLE_2_POS; SEAT_BACKREST_ANGLE_2_MOVE; SEAT_HEIGHT_POS; SEAT_HEIGHT_MOVE; SEAT_DEPTH_POS; SEAT_DEPTH_MOVE; SEAT_TILT_POS; SEAT_TILT_MOVE; SEAT_LUMBAR_FORE_AFT_POS; SEAT_LUMBAR_FORE_AFT_MOVE; SEAT_LUMBAR_SIDE_SUPPORT_POS; SEAT_LUMBAR_SIDE_SUPPORT_MOVE; SEAT_HEADREST_HEIGHT_POS; SEAT_HEADREST_HEIGHT_POS_V2; SEAT_HEADREST_HEIGHT_MOVE; SEAT_HEADREST_ANGLE_POS; SEAT_HEADREST_ANGLE_MOVE; SEAT_HEADREST_FORE_AFT_POS; SEAT_HEADREST_FORE_AFT_MOVE; SEAT_FOOTWELL_LIGHTS_STATE; SEAT_FOOTWELL_LIGHTS_SWITCH; SEAT_EASY_ACCESS_ENABLED; SEAT_AIRBAG_ENABLED; SEAT_AIRBAGS_DEPLOYED; SEAT_CUSHION_SIDE_SUPPORT_POS; SEAT_CUSHION_SIDE_SUPPORT_MOVE; SEAT_LUMBAR_VERTICAL_POS; SEAT_LUMBAR_VERTICAL_MOVE; SEAT_WALK_IN_POS; SEAT_BELT_PRETENSIONER,已覆盖-正式,CRUISE_SET_SPEED,是,否,保持现有映射,是
VCC-153,SET SEAT HeatingCooling,SET,SEAT,按官方路径区域归并,连续数值,-100..100,Vehicle.Cabin.Seat.Row1.DriverSide.NeckScarf.HeatingCooling; Vehicle.Cabin.Seat.Row1.Middle.NeckScarf.HeatingCooling; Vehicle.Cabin.Seat.Row1.PassengerSide.NeckScarf.HeatingCooling; Vehicle.Cabin.Seat.Row2.DriverSide.NeckScarf.HeatingCooling; Vehicle.Cabin.Seat.Row2.Middle.NeckScarf.HeatingCooling; Vehicle.Cabin.Seat.Row2.PassengerSide.NeckScarf.HeatingCooling,actuator,int8,percent,"Heating or Cooling requsted for the Item. -100 = Maximum cooling, 0 = Heating/cooling deactivated, 100 = Maximum heating.",Android VHAL Android 16 VehicleProperty.aidl (按功能名交叉核验),Vehicle.Cabin.Seat.NeckScarf.HeatingCooling,6,INFO_DRIVER_SEAT; HVAC_SEAT_TEMPERATURE; HVAC_SEAT_VENTILATION; SEAT_MEMORY_SELECT; SEAT_MEMORY_SET; SEAT_BELT_BUCKLED; SEAT_BELT_HEIGHT_POS; SEAT_BELT_HEIGHT_MOVE; SEAT_FORE_AFT_POS; SEAT_FORE_AFT_MOVE; SEAT_BACKREST_ANGLE_1_POS; SEAT_BACKREST_ANGLE_1_MOVE; SEAT_BACKREST_ANGLE_2_POS; SEAT_BACKREST_ANGLE_2_MOVE; SEAT_HEIGHT_POS; SEAT_HEIGHT_MOVE; SEAT_DEPTH_POS; SEAT_DEPTH_MOVE; SEAT_TILT_POS; SEAT_TILT_MOVE; SEAT_LUMBAR_FORE_AFT_POS; SEAT_LUMBAR_FORE_AFT_MOVE; SEAT_LUMBAR_SIDE_SUPPORT_POS; SEAT_LUMBAR_SIDE_SUPPORT_MOVE; SEAT_HEADREST_HEIGHT_POS; SEAT_HEADREST_HEIGHT_POS_V2; SEAT_HEADREST_HEIGHT_MOVE; SEAT_HEADREST_ANGLE_POS; SEAT_HEADREST_ANGLE_MOVE; SEAT_HEADREST_FORE_AFT_POS; SEAT_HEADREST_FORE_AFT_MOVE; SEAT_FOOTWELL_LIGHTS_STATE; SEAT_FOOTWELL_LIGHTS_SWITCH; SEAT_EASY_ACCESS_ENABLED; SEAT_AIRBAG_ENABLED; SEAT_AIRBAGS_DEPLOYED; SEAT_CUSHION_SIDE_SUPPORT_POS; SEAT_CUSHION_SIDE_SUPPORT_MOVE; SEAT_LUMBAR_VERTICAL_POS; SEAT_LUMBAR_VERTICAL_MOVE; SEAT_WALK_IN_POS; SEAT_BELT_PRETENSIONER,缺失候选,,否,否,是,否/待审
VCC-154,SET SEAT Position,SET,SEAT,按官方路径区域归并,连续数值,0,Vehicle.Cabin.Seat.Row1.DriverSide.Position; Vehicle.Cabin.Seat.Row1.Middle.Position; Vehicle.Cabin.Seat.Row1.PassengerSide.Position; Vehicle.Cabin.Seat.Row2.DriverSide.Position; Vehicle.Cabin.Seat.Row2.Middle.Position; Vehicle.Cabin.Seat.Row2.PassengerSide.Position,actuator,uint16,mm,Seat position on vehicle x-axis. Position is relative to the frontmost position supported by the seat. 0 = Frontmost position supported.,Android VHAL Android 16 VehicleProperty.aidl (按功能名交叉核验),Vehicle.Cabin.Seat.Position,6,INFO_DRIVER_SEAT; HVAC_SEAT_TEMPERATURE; HVAC_SEAT_VENTILATION; SEAT_MEMORY_SELECT; SEAT_MEMORY_SET; SEAT_BELT_BUCKLED; SEAT_BELT_HEIGHT_POS; SEAT_BELT_HEIGHT_MOVE; SEAT_FORE_AFT_POS; SEAT_FORE_AFT_MOVE; SEAT_BACKREST_ANGLE_1_POS; SEAT_BACKREST_ANGLE_1_MOVE; SEAT_BACKREST_ANGLE_2_POS; SEAT_BACKREST_ANGLE_2_MOVE; SEAT_HEIGHT_POS; SEAT_HEIGHT_MOVE; SEAT_DEPTH_POS; SEAT_DEPTH_MOVE; SEAT_TILT_POS; SEAT_TILT_MOVE; SEAT_LUMBAR_FORE_AFT_POS; SEAT_LUMBAR_FORE_AFT_MOVE; SEAT_LUMBAR_SIDE_SUPPORT_POS; SEAT_LUMBAR_SIDE_SUPPORT_MOVE; SEAT_HEADREST_HEIGHT_POS; SEAT_HEADREST_HEIGHT_POS_V2; SEAT_HEADREST_HEIGHT_MOVE; SEAT_HEADREST_ANGLE_POS; SEAT_HEADREST_ANGLE_MOVE; SEAT_HEADREST_FORE_AFT_POS; SEAT_HEADREST_FORE_AFT_MOVE; SEAT_FOOTWELL_LIGHTS_STATE; SEAT_FOOTWELL_LIGHTS_SWITCH; SEAT_EASY_ACCESS_ENABLED; SEAT_AIRBAG_ENABLED; SEAT_AIRBAGS_DEPLOYED; SEAT_CUSHION_SIDE_SUPPORT_POS; SEAT_CUSHION_SIDE_SUPPORT_MOVE; SEAT_LUMBAR_VERTICAL_POS; SEAT_LUMBAR_VERTICAL_MOVE; SEAT_WALK_IN_POS; SEAT_BELT_PRETENSIONER,缺失候选,,否,否,是,否/待审
VCC-155,SET SEAT HeatingCooling,SET,SEAT,按官方路径区域归并,连续数值,-100..100,Vehicle.Cabin.Seat.Row1.DriverSide.Seating.HeatingCooling; Vehicle.Cabin.Seat.Row1.Middle.Seating.HeatingCooling; Vehicle.Cabin.Seat.Row1.PassengerSide.Seating.HeatingCooling; Vehicle.Cabin.Seat.Row2.DriverSide.Seating.HeatingCooling; Vehicle.Cabin.Seat.Row2.Middle.Seating.HeatingCooling; Vehicle.Cabin.Seat.Row2.PassengerSide.Seating.HeatingCooling,actuator,int8,percent,"Heating or Cooling requsted for the Item. -100 = Maximum cooling, 0 = Heating/cooling deactivated, 100 = Maximum heating.",Android VHAL Android 16 VehicleProperty.aidl (按功能名交叉核验),Vehicle.Cabin.Seat.Seating.HeatingCooling,6,INFO_DRIVER_SEAT; HVAC_SEAT_TEMPERATURE; HVAC_SEAT_VENTILATION; SEAT_MEMORY_SELECT; SEAT_MEMORY_SET; SEAT_BELT_BUCKLED; SEAT_BELT_HEIGHT_POS; SEAT_BELT_HEIGHT_MOVE; SEAT_FORE_AFT_POS; SEAT_FORE_AFT_MOVE; SEAT_BACKREST_ANGLE_1_POS; SEAT_BACKREST_ANGLE_1_MOVE; SEAT_BACKREST_ANGLE_2_POS; SEAT_BACKREST_ANGLE_2_MOVE; SEAT_HEIGHT_POS; SEAT_HEIGHT_MOVE; SEAT_DEPTH_POS; SEAT_DEPTH_MOVE; SEAT_TILT_POS; SEAT_TILT_MOVE; SEAT_LUMBAR_FORE_AFT_POS; SEAT_LUMBAR_FORE_AFT_MOVE; SEAT_LUMBAR_SIDE_SUPPORT_POS; SEAT_LUMBAR_SIDE_SUPPORT_MOVE; SEAT_HEADREST_HEIGHT_POS; SEAT_HEADREST_HEIGHT_POS_V2; SEAT_HEADREST_HEIGHT_MOVE; SEAT_HEADREST_ANGLE_POS; SEAT_HEADREST_ANGLE_MOVE; SEAT_HEADREST_FORE_AFT_POS; SEAT_HEADREST_FORE_AFT_MOVE; SEAT_FOOTWELL_LIGHTS_STATE; SEAT_FOOTWELL_LIGHTS_SWITCH; SEAT_EASY_ACCESS_ENABLED; SEAT_AIRBAG_ENABLED; SEAT_AIRBAGS_DEPLOYED; SEAT_CUSHION_SIDE_SUPPORT_POS; SEAT_CUSHION_SIDE_SUPPORT_MOVE; SEAT_LUMBAR_VERTICAL_POS; SEAT_LUMBAR_VERTICAL_MOVE; SEAT_WALK_IN_POS; SEAT_BELT_PRETENSIONER,缺失候选,,否,否,是,否/待审
VCC-156,SET SEAT Length,SET,SEAT,按官方路径区域归并,连续数值,0,Vehicle.Cabin.Seat.Row1.DriverSide.Seating.Length; Vehicle.Cabin.Seat.Row1.Middle.Seating.Length; Vehicle.Cabin.Seat.Row1.PassengerSide.Seating.Length; Vehicle.Cabin.Seat.Row2.DriverSide.Seating.Length; Vehicle.Cabin.Seat.Row2.Middle.Seating.Length; Vehicle.Cabin.Seat.Row2.PassengerSide.Seating.Length,actuator,uint16,mm,Length adjustment of seating. 0 = Adjustable part of seating in rearmost position (Shortest length of seating).,Android VHAL Android 16 VehicleProperty.aidl (按功能名交叉核验),Vehicle.Cabin.Seat.Seating.Length,6,INFO_DRIVER_SEAT; HVAC_SEAT_TEMPERATURE; HVAC_SEAT_VENTILATION; SEAT_MEMORY_SELECT; SEAT_MEMORY_SET; SEAT_BELT_BUCKLED; SEAT_BELT_HEIGHT_POS; SEAT_BELT_HEIGHT_MOVE; SEAT_FORE_AFT_POS; SEAT_FORE_AFT_MOVE; SEAT_BACKREST_ANGLE_1_POS; SEAT_BACKREST_ANGLE_1_MOVE; SEAT_BACKREST_ANGLE_2_POS; SEAT_BACKREST_ANGLE_2_MOVE; SEAT_HEIGHT_POS; SEAT_HEIGHT_MOVE; SEAT_DEPTH_POS; SEAT_DEPTH_MOVE; SEAT_TILT_POS; SEAT_TILT_MOVE; SEAT_LUMBAR_FORE_AFT_POS; SEAT_LUMBAR_FORE_AFT_MOVE; SEAT_LUMBAR_SIDE_SUPPORT_POS; SEAT_LUMBAR_SIDE_SUPPORT_MOVE; SEAT_HEADREST_HEIGHT_POS; SEAT_HEADREST_HEIGHT_POS_V2; SEAT_HEADREST_HEIGHT_MOVE; SEAT_HEADREST_ANGLE_POS; SEAT_HEADREST_ANGLE_MOVE; SEAT_HEADREST_FORE_AFT_POS; SEAT_HEADREST_FORE_AFT_MOVE; SEAT_FOOTWELL_LIGHTS_STATE; SEAT_FOOTWELL_LIGHTS_SWITCH; SEAT_EASY_ACCESS_ENABLED; SEAT_AIRBAG_ENABLED; SEAT_AIRBAGS_DEPLOYED; SEAT_CUSHION_SIDE_SUPPORT_POS; SEAT_CUSHION_SIDE_SUPPORT_MOVE; SEAT_LUMBAR_VERTICAL_POS; SEAT_LUMBAR_VERTICAL_MOVE; SEAT_WALK_IN_POS; SEAT_BELT_PRETENSIONER,缺失候选,,否,否,是,否/待审
VCC-157,SET SEAT SideBolsterSupportLeft,SET,SEAT,按官方路径区域归并,连续数值,0..100,Vehicle.Cabin.Seat.Row1.DriverSide.Seating.SideBolsterSupportLeft; Vehicle.Cabin.Seat.Row1.Middle.Seating.SideBolsterSupportLeft; Vehicle.Cabin.Seat.Row1.PassengerSide.Seating.SideBolsterSupportLeft; Vehicle.Cabin.Seat.Row2.DriverSide.Seating.SideBolsterSupportLeft; Vehicle.Cabin.Seat.Row2.Middle.Seating.SideBolsterSupportLeft; Vehicle.Cabin.Seat.Row2.PassengerSide.Seating.SideBolsterSupportLeft,actuator,float,percent,Seat bottom side bolster support left. 0 = Minimum support (widest side bolster setting). 100 = Maximum support.,Android VHAL Android 16 VehicleProperty.aidl (按功能名交叉核验),Vehicle.Cabin.Seat.Seating.SideBolsterSupportLeft,6,INFO_DRIVER_SEAT; HVAC_SEAT_TEMPERATURE; HVAC_SEAT_VENTILATION; SEAT_MEMORY_SELECT; SEAT_MEMORY_SET; SEAT_BELT_BUCKLED; SEAT_BELT_HEIGHT_POS; SEAT_BELT_HEIGHT_MOVE; SEAT_FORE_AFT_POS; SEAT_FORE_AFT_MOVE; SEAT_BACKREST_ANGLE_1_POS; SEAT_BACKREST_ANGLE_1_MOVE; SEAT_BACKREST_ANGLE_2_POS; SEAT_BACKREST_ANGLE_2_MOVE; SEAT_HEIGHT_POS; SEAT_HEIGHT_MOVE; SEAT_DEPTH_POS; SEAT_DEPTH_MOVE; SEAT_TILT_POS; SEAT_TILT_MOVE; SEAT_LUMBAR_FORE_AFT_POS; SEAT_LUMBAR_FORE_AFT_MOVE; SEAT_LUMBAR_SIDE_SUPPORT_POS; SEAT_LUMBAR_SIDE_SUPPORT_MOVE; SEAT_HEADREST_HEIGHT_POS; SEAT_HEADREST_HEIGHT_POS_V2; SEAT_HEADREST_HEIGHT_MOVE; SEAT_HEADREST_ANGLE_POS; SEAT_HEADREST_ANGLE_MOVE; SEAT_HEADREST_FORE_AFT_POS; SEAT_HEADREST_FORE_AFT_MOVE; SEAT_FOOTWELL_LIGHTS_STATE; SEAT_FOOTWELL_LIGHTS_SWITCH; SEAT_EASY_ACCESS_ENABLED; SEAT_AIRBAG_ENABLED; SEAT_AIRBAGS_DEPLOYED; SEAT_CUSHION_SIDE_SUPPORT_POS; SEAT_CUSHION_SIDE_SUPPORT_MOVE; SEAT_LUMBAR_VERTICAL_POS; SEAT_LUMBAR_VERTICAL_MOVE; SEAT_WALK_IN_POS; SEAT_BELT_PRETENSIONER,缺失候选,,否,否,是,否/待审
VCC-158,SET SEAT SideBolsterSupportRight,SET,SEAT,按官方路径区域归并,连续数值,0..100,Vehicle.Cabin.Seat.Row1.DriverSide.Seating.SideBolsterSupportRight; Vehicle.Cabin.Seat.Row1.Middle.Seating.SideBolsterSupportRight; Vehicle.Cabin.Seat.Row1.PassengerSide.Seating.SideBolsterSupportRight; Vehicle.Cabin.Seat.Row2.DriverSide.Seating.SideBolsterSupportRight; Vehicle.Cabin.Seat.Row2.Middle.Seating.SideBolsterSupportRight; Vehicle.Cabin.Seat.Row2.PassengerSide.Seating.SideBolsterSupportRight,actuator,float,percent,Seat bottom side bolster support right. 0 = Minimum support (widest side bolster setting). 100 = Maximum support.,Android VHAL Android 16 VehicleProperty.aidl (按功能名交叉核验),Vehicle.Cabin.Seat.Seating.SideBolsterSupportRight,6,INFO_DRIVER_SEAT; HVAC_SEAT_TEMPERATURE; HVAC_SEAT_VENTILATION; SEAT_MEMORY_SELECT; SEAT_MEMORY_SET; SEAT_BELT_BUCKLED; SEAT_BELT_HEIGHT_POS; SEAT_BELT_HEIGHT_MOVE; SEAT_FORE_AFT_POS; SEAT_FORE_AFT_MOVE; SEAT_BACKREST_ANGLE_1_POS; SEAT_BACKREST_ANGLE_1_MOVE; SEAT_BACKREST_ANGLE_2_POS; SEAT_BACKREST_ANGLE_2_MOVE; SEAT_HEIGHT_POS; SEAT_HEIGHT_MOVE; SEAT_DEPTH_POS; SEAT_DEPTH_MOVE; SEAT_TILT_POS; SEAT_TILT_MOVE; SEAT_LUMBAR_FORE_AFT_POS; SEAT_LUMBAR_FORE_AFT_MOVE; SEAT_LUMBAR_SIDE_SUPPORT_POS; SEAT_LUMBAR_SIDE_SUPPORT_MOVE; SEAT_HEADREST_HEIGHT_POS; SEAT_HEADREST_HEIGHT_POS_V2; SEAT_HEADREST_HEIGHT_MOVE; SEAT_HEADREST_ANGLE_POS; SEAT_HEADREST_ANGLE_MOVE; SEAT_HEADREST_FORE_AFT_POS; SEAT_HEADREST_FORE_AFT_MOVE; SEAT_FOOTWELL_LIGHTS_STATE; SEAT_FOOTWELL_LIGHTS_SWITCH; SEAT_EASY_ACCESS_ENABLED; SEAT_AIRBAG_ENABLED; SEAT_AIRBAGS_DEPLOYED; SEAT_CUSHION_SIDE_SUPPORT_POS; SEAT_CUSHION_SIDE_SUPPORT_MOVE; SEAT_LUMBAR_VERTICAL_POS; SEAT_LUMBAR_VERTICAL_MOVE; SEAT_WALK_IN_POS; SEAT_BELT_PRETENSIONER,缺失候选,,否,否,是,否/待审
VCC-159,SET SEAT Tilt,SET,SEAT,按官方路径区域归并,连续数值,,Vehicle.Cabin.Seat.Row1.DriverSide.Tilt; Vehicle.Cabin.Seat.Row1.Middle.Tilt; Vehicle.Cabin.Seat.Row1.PassengerSide.Tilt; Vehicle.Cabin.Seat.Row2.DriverSide.Tilt; Vehicle.Cabin.Seat.Row2.Middle.Tilt; Vehicle.Cabin.Seat.Row2.PassengerSide.Tilt,actuator,float,degrees,"Tilting of seat (seating and backrest) relative to vehicle x-axis. 0 = seat bottom is flat, seat bottom and vehicle x-axis are parallel. Positive degrees = seat tilted backwards, seat x-axis tilted upward, seat z-axis is tilted backward.",Android VHAL Android 16 VehicleProperty.aidl (按功能名交叉核验),Vehicle.Cabin.Seat.Tilt,6,INFO_DRIVER_SEAT; HVAC_SEAT_TEMPERATURE; HVAC_SEAT_VENTILATION; SEAT_MEMORY_SELECT; SEAT_MEMORY_SET; SEAT_BELT_BUCKLED; SEAT_BELT_HEIGHT_POS; SEAT_BELT_HEIGHT_MOVE; SEAT_FORE_AFT_POS; SEAT_FORE_AFT_MOVE; SEAT_BACKREST_ANGLE_1_POS; SEAT_BACKREST_ANGLE_1_MOVE; SEAT_BACKREST_ANGLE_2_POS; SEAT_BACKREST_ANGLE_2_MOVE; SEAT_HEIGHT_POS; SEAT_HEIGHT_MOVE; SEAT_DEPTH_POS; SEAT_DEPTH_MOVE; SEAT_TILT_POS; SEAT_TILT_MOVE; SEAT_LUMBAR_FORE_AFT_POS; SEAT_LUMBAR_FORE_AFT_MOVE; SEAT_LUMBAR_SIDE_SUPPORT_POS; SEAT_LUMBAR_SIDE_SUPPORT_MOVE; SEAT_HEADREST_HEIGHT_POS; SEAT_HEADREST_HEIGHT_POS_V2; SEAT_HEADREST_HEIGHT_MOVE; SEAT_HEADREST_ANGLE_POS; SEAT_HEADREST_ANGLE_MOVE; SEAT_HEADREST_FORE_AFT_POS; SEAT_HEADREST_FORE_AFT_MOVE; SEAT_FOOTWELL_LIGHTS_STATE; SEAT_FOOTWELL_LIGHTS_SWITCH; SEAT_EASY_ACCESS_ENABLED; SEAT_AIRBAG_ENABLED; SEAT_AIRBAGS_DEPLOYED; SEAT_CUSHION_SIDE_SUPPORT_POS; SEAT_CUSHION_SIDE_SUPPORT_MOVE; SEAT_LUMBAR_VERTICAL_POS; SEAT_LUMBAR_VERTICAL_MOVE; SEAT_WALK_IN_POS; SEAT_BELT_PRETENSIONER,缺失候选,,否,否,是,否/待审
VCC-160,OPEN SUNROOF 开,OPEN,SUNROOF,按官方路径区域归并,布尔,,Vehicle.Cabin.Sunroof.Shade.IsOpen,actuator,boolean,,Is item open or closed? True = Fully or partially open. False = Fully closed.,Android VHAL Android 16 VehicleProperty.aidl (按功能名交叉核验),Vehicle.Cabin.Sunroof.Shade.IsOpen,1,,疑似重复,SUNROOF_OPEN; WINDOW_OPEN; DOOR_OPEN,是,是,是,否/待审
VCC-161,CLOSE SUNROOF 关,CLOSE,SUNROOF,按官方路径区域归并,布尔,,Vehicle.Cabin.Sunroof.Shade.IsOpen,actuator,boolean,,Is item open or closed? True = Fully or partially open. False = Fully closed.,Android VHAL Android 16 VehicleProperty.aidl (按功能名交叉核验),Vehicle.Cabin.Sunroof.Shade.IsOpen,1,,疑似重复,SUNROOF_CLOSE; WINDOW_CLOSE; DOOR_CLOSE,是,是,是,否/待审
VCC-162,SET SUNROOF Position,SET,SUNROOF,按官方路径区域归并,连续数值,0..100,Vehicle.Cabin.Sunroof.Shade.Position,actuator,uint8,percent,Item position. 0 = Start position 100 = End position.,Android VHAL Android 16 VehicleProperty.aidl (按功能名交叉核验),Vehicle.Cabin.Sunroof.Shade.Position,1,,缺失候选,,否,否,是,否/待审
VCC-163,SWITCH_MODE SUNROOF Switch,SWITCH_MODE,SUNROOF,按官方路径区域归并,枚举,CLOSE; INACTIVE; ONE_SHOT_CLOSE; ONE_SHOT_OPEN; OPEN,Vehicle.Cabin.Sunroof.Shade.Switch,actuator,string,,"Switch controlling sliding action such as window, sunroof, or blind.",Android VHAL Android 16 VehicleProperty.aidl (按功能名交叉核验),Vehicle.Cabin.Sunroof.Shade.Switch,1,,疑似重复,HEADLIGHT_SET_MODE; WIPER_SET_MODE,是,是,是,否/待审
VCC-164,SWITCH_MODE SUNROOF Switch,SWITCH_MODE,SUNROOF,按官方路径区域归并,枚举,CLOSE; INACTIVE; ONE_SHOT_CLOSE; ONE_SHOT_OPEN; OPEN; TILT_DOWN; TILT_UP,Vehicle.Cabin.Sunroof.Switch,actuator,string,,"Switch controlling sliding action such as window, sunroof, or shade.",Android VHAL Android 16 VehicleProperty.aidl (按功能名交叉核验),Vehicle.Cabin.Sunroof.Switch,1,,疑似重复,HEADLIGHT_SET_MODE; WIPER_SET_MODE,是,是,是,否/待审
VCC-165,ENABLE PARKING_BRAKE 启用,ENABLE,PARKING_BRAKE,按官方路径区域归并,布尔,,Vehicle.Chassis.ParkingBrake.IsAutoApplyEnabled,actuator,boolean,,Indicates if parking brake will be automatically engaged when the vehicle engine is turned off.,Android VHAL Android 16 VehicleProperty.aidl (按功能名交叉核验),Vehicle.Chassis.ParkingBrake.IsAutoApplyEnabled,1,,已覆盖-正式,PARKING_BRAKE_AUTO_APPLY_ENABLE,是,否,保持现有映射,是
VCC-166,DISABLE PARKING_BRAKE 停用,DISABLE,PARKING_BRAKE,按官方路径区域归并,布尔,,Vehicle.Chassis.ParkingBrake.IsAutoApplyEnabled,actuator,boolean,,Indicates if parking brake will be automatically engaged when the vehicle engine is turned off.,Android VHAL Android 16 VehicleProperty.aidl (按功能名交叉核验),Vehicle.Chassis.ParkingBrake.IsAutoApplyEnabled,1,,已覆盖-正式,PARKING_BRAKE_AUTO_APPLY_DISABLE,是,否,保持现有映射,是
VCC-167,SET STEERING_WHEEL Extension,SET,STEERING_WHEEL,按官方路径区域归并,连续数值,0..100,Vehicle.Chassis.SteeringWheel.Extension,actuator,uint8,percent,Steering wheel column extension from dashboard. 0 = Closest to dashboard. 100 = Furthest from dashboard.,Android VHAL Android 16 VehicleProperty.aidl (按功能名交叉核验),Vehicle.Chassis.SteeringWheel.Extension,1,,缺失候选,,否,否,是,否/待审
VCC-168,SET STEERING_WHEEL HeatingCooling,SET,STEERING_WHEEL,按官方路径区域归并,连续数值,-100..100,Vehicle.Chassis.SteeringWheel.HeatingCooling,actuator,int8,percent,"Heating or Cooling requsted for the Item. -100 = Maximum cooling, 0 = Heating/cooling deactivated, 100 = Maximum heating.",Android VHAL Android 16 VehicleProperty.aidl (按功能名交叉核验),Vehicle.Chassis.SteeringWheel.HeatingCooling,1,,缺失候选,,否,否,是,否/待审
VCC-169,SET STEERING_WHEEL Tilt,SET,STEERING_WHEEL,按官方路径区域归并,连续数值,0..100,Vehicle.Chassis.SteeringWheel.Tilt,actuator,uint8,percent,Steering wheel column tilt. 0 = Lowest position. 100 = Highest position.,Android VHAL Android 16 VehicleProperty.aidl (按功能名交叉核验),Vehicle.Chassis.SteeringWheel.Tilt,1,,缺失候选,,否,否,是,否/待审
VCC-170,SET TractionBattery ChargeLimit,SET,TractionBattery,按官方路径区域归并,连续数值,0..100,Vehicle.Powertrain.TractionBattery.Charging.ChargeLimit,actuator,uint8,percent,Target charge limit (state of charge) for battery.,Android VHAL Android 16 VehicleProperty.aidl (按功能名交叉核验),Vehicle.Powertrain.TractionBattery.Charging.ChargeLimit,1,EV_CHARGE_PORT_OPEN; EV_CHARGE_PORT_CONNECTED; EV_BATTERY_INSTANTANEOUS_CHARGE_RATE; EV_CHARGE_CURRENT_DRAW_LIMIT; EV_CHARGE_PERCENT_LIMIT; EV_CHARGE_STATE; EV_CHARGE_SWITCH; EV_CHARGE_TIME_REMAINING,缺失候选,,否,否,是,否/待审
VCC-171,START TractionBattery 开始充电,START,TractionBattery,按官方路径区域归并,枚举,START; STOP,Vehicle.Powertrain.TractionBattery.Charging.StartStopCharging,actuator,string,,Start or stop the charging process.,Android VHAL Android 16 VehicleProperty.aidl (按功能名交叉核验),Vehicle.Powertrain.TractionBattery.Charging.StartStopCharging,1,EV_CHARGE_PORT_OPEN; EV_CHARGE_PORT_CONNECTED; EV_BATTERY_INSTANTANEOUS_CHARGE_RATE; EV_CHARGE_CURRENT_DRAW_LIMIT; EV_CHARGE_PERCENT_LIMIT; EV_CHARGE_STATE; EV_CHARGE_SWITCH; EV_CHARGE_TIME_REMAINING,缺失候选,,否,否,是,否/待审
VCC-172,STOP TractionBattery 停止充电,STOP,TractionBattery,按官方路径区域归并,枚举,START; STOP,Vehicle.Powertrain.TractionBattery.Charging.StartStopCharging,actuator,string,,Start or stop the charging process.,Android VHAL Android 16 VehicleProperty.aidl (按功能名交叉核验),Vehicle.Powertrain.TractionBattery.Charging.StartStopCharging,1,EV_CHARGE_PORT_OPEN; EV_CHARGE_PORT_CONNECTED; EV_BATTERY_INSTANTANEOUS_CHARGE_RATE; EV_CHARGE_CURRENT_DRAW_LIMIT; EV_CHARGE_PERCENT_LIMIT; EV_CHARGE_STATE; EV_CHARGE_SWITCH; EV_CHARGE_TIME_REMAINING,缺失候选,,否,否,是,否/待审
VCC-173,SET_MODE TractionBattery Mode,SET_MODE,TractionBattery,按官方路径区域归并,枚举,END_TIME; INACTIVE; START_TIME,Vehicle.Powertrain.TractionBattery.Charging.Timer.Mode,actuator,string,,"Defines timer mode for charging: INACTIVE - no timer set, charging may start as soon as battery is connected to a charger. START_TIME - charging shall start at Charging.Timer.Time. END_TIME - charging shall be finished (reach Charging.ChargeLimit) at Charging.Timer.Time. When charging is completed the vehicle shall change mode to 'inactive' or set a new Charging.Timer.Time. Charging shall start immediately if mode is 'starttime' or 'endtime' and Charging.Timer.Time is a time in the past.",Android VHAL Android 16 VehicleProperty.aidl (按功能名交叉核验),Vehicle.Powertrain.TractionBattery.Charging.Timer.Mode,1,EV_CHARGE_PORT_OPEN; EV_CHARGE_PORT_CONNECTED; EV_BATTERY_INSTANTANEOUS_CHARGE_RATE; EV_CHARGE_CURRENT_DRAW_LIMIT; EV_CHARGE_PERCENT_LIMIT; EV_CHARGE_STATE; EV_CHARGE_SWITCH; EV_CHARGE_TIME_REMAINING,缺失候选,,否,否,是,否/待审
VCC-174,SET_MODE TractionBattery Time,SET_MODE,TractionBattery,按官方路径区域归并,枚举,,Vehicle.Powertrain.TractionBattery.Charging.Timer.Time,actuator,string,iso8601,"Time for next charging-related action, formatted according to ISO 8601 with UTC time zone. Value has no significance if Charging.Timer.Mode is 'inactive'.",Android VHAL Android 16 VehicleProperty.aidl (按功能名交叉核验),Vehicle.Powertrain.TractionBattery.Charging.Timer.Time,1,EV_CHARGE_PORT_OPEN; EV_CHARGE_PORT_CONNECTED; EV_BATTERY_INSTANTANEOUS_CHARGE_RATE; EV_CHARGE_CURRENT_DRAW_LIMIT; EV_CHARGE_PERCENT_LIMIT; EV_CHARGE_STATE; EV_CHARGE_SWITCH; EV_CHARGE_TIME_REMAINING,缺失候选,,否,否,是,否/待审
VCC-175,SET_MODE GEAR GearChangeMode,SET_MODE,GEAR,按官方路径区域归并,枚举,AUTOMATIC; MANUAL,Vehicle.Powertrain.Transmission.GearChangeMode,actuator,string,,Is the gearbox in automatic or manual (paddle) mode.,Android VHAL Android 16 VehicleProperty.aidl (按功能名交叉核验),Vehicle.Powertrain.Transmission.GearChangeMode,1,GEAR_SELECTION; CURRENT_GEAR,缺失候选,,否,否,是,否/待审
VCC-176,SET_MODE GEAR PerformanceMode,SET_MODE,GEAR,按官方路径区域归并,枚举,ECONOMY; NORMAL; RAIN; SNOW; SPORT,Vehicle.Powertrain.Transmission.PerformanceMode,actuator,string,,Current gearbox performance mode.,Android VHAL Android 16 VehicleProperty.aidl (按功能名交叉核验),Vehicle.Powertrain.Transmission.PerformanceMode,1,,缺失候选,,否,否,是,否/待审
VCC-177,SET GEAR SelectedGear,SET,GEAR,按官方路径区域归并,连续数值,,Vehicle.Powertrain.Transmission.SelectedGear,actuator,int8,,"The selected gear. 0=Neutral, 1/2/..=Forward, -1/-2/..=Reverse, 126=Park, 127=Drive.",Android VHAL Android 16 VehicleProperty.aidl (按功能名交叉核验),Vehicle.Powertrain.Transmission.SelectedGear,1,GEAR_SELECTION; CURRENT_GEAR,缺失候选,,否,否,是,否/待审
